{
    "epoch_means": {
        "10": {
            "auroc": 0.48538601120434854,
            "auprc": 0.3709549924360585,
            "precision": 0.34590142065221896,
            "recall": 0.5118644067796609,
            "f1": 0.40741331445116247
        },
        "20": {
            "auroc": 0.5122320742307905,
            "auprc": 0.3889152301962686,
            "precision": 0.44372937252397227,
            "recall": 0.5728813559322034,
            "f1": 0.45803343571307736
        },
        "30": {
            "auroc": 0.5298579250560613,
            "auprc": 0.3999444083993953,
            "precision": 0.4475305596960638,
            "recall": 0.6677966101694915,
            "f1": 0.5108283103453687
        },
        "40": {
            "auroc": 0.5382164166686476,
            "auprc": 0.4082704045997215,
            "precision": 0.4446806087736812,
            "recall": 0.6610169491525424,
            "f1": 0.52130552942788
        },
        "50": {
            "auroc": 0.5533070260932956,
            "auprc": 0.41733197505471953,
            "precision": 0.46171818749814053,
            "recall": 0.5932203389830508,
            "f1": 0.5085419800059949
        },
        "60": {
            "auroc": 0.5325829430828598,
            "auprc": 0.4078618836526659,
            "precision": 0.4343975379436267,
            "recall": 0.7220338983050848,
            "f1": 0.5349661300059478
        },
        "70": {
            "auroc": 0.5350928281075427,
            "auprc": 0.39990488133800295,
            "precision": 0.43746049034247925,
            "recall": 0.7627118644067796,
            "f1": 0.5466369249448144
        },
        "80": {
            "auroc": 0.5429386454940928,
            "auprc": 0.40962092755930646,
            "precision": 0.4396656470860851,
            "recall": 0.7661016949152543,
            "f1": 0.5468309699032552
        },
        "90": {
            "auroc": 0.5536006053834756,
            "auprc": 0.419920449828906,
            "precision": 0.46024446151048465,
            "recall": 0.6745762711864407,
            "f1": 0.5367239426654683
        },
        "100": {
            "auroc": 0.558324617079104,
            "auprc": 0.41590313256625216,
            "precision": 0.477762190528148,
            "recall": 0.6610169491525423,
            "f1": 0.5287302781711211
        },
        "110": {
            "auroc": 0.5603782854335544,
            "auprc": 0.4175418354739301,
            "precision": 0.4701652529349897,
            "recall": 0.7084745762711864,
            "f1": 0.5453489914745101
        },
        "120": {
            "auroc": 0.5712577554852972,
            "auprc": 0.4345320847999101,
            "precision": 0.47466553614940715,
            "recall": 0.6813559322033897,
            "f1": 0.5448780230442908
        },
        "130": {
            "auroc": 0.5791931125743852,
            "auprc": 0.43823613933090605,
            "precision": 0.4873355137214578,
            "recall": 0.6237288135593221,
            "f1": 0.531489062525595
        },
        "140": {
            "auroc": 0.579542158936934,
            "auprc": 0.4301151852241234,
            "precision": 0.4849080234328005,
            "recall": 0.6508474576271187,
            "f1": 0.5360664995399607
        },
        "150": {
            "auroc": 0.5835393538878456,
            "auprc": 0.4344364939254869,
            "precision": 0.4786070534630696,
            "recall": 0.7084745762711864,
            "f1": 0.563220038955989
        },
        "160": {
            "auroc": 0.5802477793361384,
            "auprc": 0.43405861985697997,
            "precision": 0.4584745891517052,
            "recall": 0.7694915254237287,
            "f1": 0.5727578042120344
        },
        "170": {
            "auroc": 0.5797129182811547,
            "auprc": 0.43191153757588224,
            "precision": 0.4834396300532363,
            "recall": 0.6949152542372881,
            "f1": 0.5459390095519129
        },
        "180": {
            "auroc": 0.5791416074357574,
            "auprc": 0.4375047142814258,
            "precision": 0.4895241761764185,
            "recall": 0.6983050847457627,
            "f1": 0.5477466270898967
        },
        "190": {
            "auroc": 0.5733609480115054,
            "auprc": 0.4343749569307797,
            "precision": 0.48978137214272366,
            "recall": 0.6779661016949153,
            "f1": 0.5401499119016735
        },
        "200": {
            "auroc": 0.5739922821530733,
            "auprc": 0.4276598188028343,
            "precision": 0.4739837067577322,
            "recall": 0.7220338983050847,
            "f1": 0.5574384991294414
        },
        "210": {
            "auroc": 0.57151112114801,
            "auprc": 0.4295564657940977,
            "precision": 0.4863834449902239,
            "recall": 0.6135593220338983,
            "f1": 0.5333361381168983
        },
        "220": {
            "auroc": 0.5697882742609013,
            "auprc": 0.42633779386882786,
            "precision": 0.4740303210274429,
            "recall": 0.7152542372881356,
            "f1": 0.5614331520258132
        },
        "230": {
            "auroc": 0.5707795500828043,
            "auprc": 0.430049521540692,
            "precision": 0.46075822882515227,
            "recall": 0.7932203389830509,
            "f1": 0.5738808144479892
        },
        "240": {
            "auroc": 0.5669646040839613,
            "auprc": 0.42458446127848737,
            "precision": 0.47693191857236605,
            "recall": 0.6406779661016948,
            "f1": 0.534300793839542
        },
        "250": {
            "auroc": 0.5694653766610407,
            "auprc": 0.4271899169681129,
            "precision": 0.4856304410036628,
            "recall": 0.7186440677966102,
            "f1": 0.5565000445590229
        },
        "260": {
            "auroc": 0.5651528117843758,
            "auprc": 0.4225562934614686,
            "precision": 0.4658268987419529,
            "recall": 0.7220338983050848,
            "f1": 0.5538609132587639
        },
        "270": {
            "auroc": 0.5696503989667276,
            "auprc": 0.4270338684807756,
            "precision": 0.46710062523819823,
            "recall": 0.7322033898305085,
            "f1": 0.5627205105178084
        },
        "280": {
            "auroc": 0.5678390028605163,
            "auprc": 0.4289502619313789,
            "precision": 0.46496178673820604,
            "recall": 0.735593220338983,
            "f1": 0.5556846986189984
        },
        "290": {
            "auroc": 0.5659590653005919,
            "auprc": 0.4301934893690914,
            "precision": 0.4597519529691376,
            "recall": 0.7762711864406779,
            "f1": 0.57145881211983
        },
        "300": {
            "auroc": 0.5670325512476129,
            "auprc": 0.42886050100709056,
            "precision": 0.4661290558163797,
            "recall": 0.7084745762711864,
            "f1": 0.549970110109048
        }
    },
    "epoch_stds": {
        "10": {
            "auroc": 0.057760580906458775,
            "auprc": 0.03714564703640556,
            "precision": 0.17326846538654594,
            "recall": 0.29364620783332496,
            "f1": 0.2083359099161904
        },
        "20": {
            "auroc": 0.02175506170137659,
            "auprc": 0.013789225285121826,
            "precision": 0.037354315915282266,
            "recall": 0.24826892777763465,
            "f1": 0.12430039253934776
        },
        "30": {
            "auroc": 0.029747077456142645,
            "auprc": 0.028537192171864956,
            "precision": 0.03505524943260735,
            "recall": 0.22855603838695016,
            "f1": 0.07894685843930577
        },
        "40": {
            "auroc": 0.015302093930042377,
            "auprc": 0.021812741053540207,
            "precision": 0.023159034964403555,
            "recall": 0.16257056011229556,