{
    "epoch_means": {
        "10": {
            "auroc": 0.9493203125,
            "auprc": 0.7591776156077155,
            "precision": 0.6629524523452559,
            "recall": 0.9424999999999999,
            "f1": 0.7783022804263405
        },
        "20": {
            "auroc": 0.9680859375,
            "auprc": 0.8836993212886493,
            "precision": 0.7588290055940552,
            "recall": 0.945,
            "f1": 0.8356712009156814
        },
        "30": {
            "auroc": 0.97119140625,
            "auprc": 0.8447833504717993,
            "precision": 0.7715621478119974,
            "recall": 0.9650000000000001,
            "f1": 0.8561306821742901
        },
        "40": {
            "auroc": 0.980296875,
            "auprc": 0.9014109395610126,
            "precision": 0.8508457153537051,
            "recall": 0.9375,
            "f1": 0.8912361083750149
        },
        "50": {
            "auroc": 0.9801562500000001,
            "auprc": 0.8906056043850953,
            "precision": 0.7999169389703658,
            "recall": 0.9550000000000001,
            "f1": 0.8690966810966811
        },
        "60": {
            "auroc": 0.9818593750000002,
            "auprc": 0.9113278752546483,
            "precision": 0.808387046040987,
            "recall": 0.9524999999999999,
            "f1": 0.8735638813795397
        },
        "70": {
            "auroc": 0.9740781249999999,
            "auprc": 0.8598050493898304,
            "precision": 0.7880934280805197,
            "recall": 0.9525,
            "f1": 0.8596799938101436
        },
        "80": {
            "auroc": 0.97230859375,
            "auprc": 0.8522964053272833,
            "precision": 0.7915385965446227,
            "recall": 0.9425000000000001,
            "f1": 0.8593610437205216
        },
        "90": {
            "auroc": 0.9719453125000002,
            "auprc": 0.8458187509605439,
            "precision": 0.7750284572165963,
            "recall": 0.9549999999999998,
            "f1": 0.8537501282074679
        },
        "100": {
            "auroc": 0.97006640625,
            "auprc": 0.8464074448324833,
            "precision": 0.7358601931338573,
            "recall": 0.9624999999999998,
            "f1": 0.833652817220233
        },
        "110": {
            "auroc": 0.97215234375,
            "auprc": 0.8365309286399368,
            "precision": 0.7378458175549965,
            "recall": 0.9674999999999999,
            "f1": 0.8364147133873996
        },
        "120": {
            "auroc": 0.9756484375,
            "auprc": 0.879448346696481,
            "precision": 0.771546417365194,
            "recall": 0.95,
            "f1": 0.8490015936461581
        },
        "130": {
            "auroc": 0.9731640624999999,
            "auprc": 0.8519586204236843,
            "precision": 0.7378681887327488,
            "recall": 0.9650000000000001,
            "f1": 0.8349314402980479
        },
        "140": {
            "auroc": 0.9681953125,
            "auprc": 0.8320611093019709,
            "precision": 0.7459449150577259,
            "recall": 0.9574999999999999,
            "f1": 0.8366954434794701
        },
        "150": {
            "auroc": 0.9697695312500001,
            "auprc": 0.8217772279173943,
            "precision": 0.7376463287354376,
            "recall": 0.96,
            "f1": 0.8340469826213026
        },
        "160": {
            "auroc": 0.9652382812500001,
            "auprc": 0.8224674278622359,
            "precision": 0.7167912833613292,
            "recall": 0.9674999999999999,
            "f1": 0.8230552143402223
        },
        "170": {
            "auroc": 0.96747265625,
            "auprc": 0.8149956164359283,
            "precision": 0.7096048266235596,
            "recall": 0.97,
            "f1": 0.8191791690523662
        },
        "180": {
            "auroc": 0.9658125000000002,
            "auprc": 0.8287247748474396,
            "precision": 0.7195171339563863,
            "recall": 0.9650000000000001,
            "f1": 0.8236755009696186
        },
        "190": {
            "auroc": 0.96306640625,
            "auprc": 0.797511637617707,
            "precision": 0.7241340785303932,
            "recall": 0.9650000000000001,
            "f1": 0.8269988803127275
        },
        "200": {
            "auroc": 0.9572734374999999,
            "auprc": 0.7740585133553912,
            "precision": 0.7232188793246811,
            "recall": 0.9625,
            "f1": 0.8256297619844629
        }
    },
    "epoch_stds": {
        "10": {
            "auroc": 0.009498297287787307,
            "auprc": 0.049919758778938915,
            "precision": 0.028635310507735465,
            "recall": 0.03221024681681283,
            "f1": 0.029769740314522355
        },
        "20": {
            "auroc": 0.006240422348988093,
            "auprc": 0.03255815983985978,
            "precision": 0.10115304292439563,
            "recall": 0.037583240945932274,
            "f1": 0.044550637425147574
        },
        "30": {
            "auroc": 0.00929121085333305,
            "auprc": 0.07743507129370343,
            "precision": 0.053108373594431844,
            "recall": 0.01457737973711328,
            "f1": 0.028061756711646207
        },
        "40": {
            "auroc": 0.009075475624588505,
            "auprc": 0.04712973648555604,
            "precision": 0.03881561638864496,
            "recall": 0.017677669529663688,
            "f1": 0.017247171203143903
        },
        "50": {
            "auroc": 0.0055888049895248156,
            "auprc": 0.05933358923187665,
            "precision": 0.04882769339619005,
            "recall": 0.02573907535246752,
            "f1": 0.02291360088993132
        },
        "60": {
            "auroc": 0.0038254614458176715,
            "auprc": 0.046475640465604734,
            "precision": 0.04321428507413332,
            "recall": 0.01457737973711325,
            "f1": 0.020145618097763923
        },
        "70": {
            "auroc": 0.01180604465643286,
            "auprc": 0.09294094063419348,
            "precision": 0.06975477433884118,
            "recall": 0.027838821814150098,
            "f1": 0.027317652458318326
        },
        "80": {
            "auroc": 0.007563678239826543,
            "auprc": 0.03703170595812572,
            "precision": 0.04176450256413647,
            "recall": 0.023184046238739254,
            "f1": 0.019310083551296254
        },
        "90": {
            "auroc": 0.010750221427588705,
            "auprc": 0.08774968812948129,
            "precision": 0.05545650000075751,
            "recall": 0.02573907535246752,
            "f1": 0.02332738068935288
        },
        "100": {
            "auroc": 0.010085296019492013,
            "auprc": 0.06676811376764916,
            "precision": 0.027046340047998704,
            "recall": 0.015811388300841927,
            "f1": 0.01662222806526176
        },
        "110": {
            "auroc": 0.007244344676032198,
            "auprc": 0.05880915278906271,
            "precision": 0.034177289025296494,
            "recall": 0.020310096011589923,
            "f1": 0.01864087679922383
        },
        "120": {
            "auroc": 0.008884828954283495,
            "auprc": 0.049964121654245665,
            "precision": 0.06223762065454868,
            "recall": 0.028504385627478455,
            "f1": 0.028815962598544468
        },
        "130": {
            "auroc": 0.00848618765167114,
            "auprc": 0.05884777827172783,
            "precision": 0.04801276643510141,
            "recall": 0.01837117307087385,
            "f1": 0.0270441293499702
        },
        "140": {
            "auroc": 0.011886800263645908,
            "auprc": 0.07001470639849239,
            "precision": 0.05639402116221598,
            "recall": 0.024494897427831785,
            "f1": 0.028612657233713923
        },
        "150": {
            "auroc": 0.007206416174634341,