{
    "epoch_means": {
        "10": {
            "auroc": 0.5099571318769265,
            "auprc": 0.4002139240019929,
            "precision": 0.45431299895956306,
            "recall": 0.5661016949152542,
            "f1": 0.4835016125249688
        },
        "20": {
            "auroc": 0.5402663211860446,
            "auprc": 0.42493858373590854,
            "precision": 0.5838043003279516,
            "recall": 0.5457627118644067,
            "f1": 0.43824211203875657
        },
        "30": {
            "auroc": 0.5617835833313525,
            "auprc": 0.4378897467988391,
            "precision": 0.4889403622953686,
            "recall": 0.5864406779661018,
            "f1": 0.49058583246336357
        },
        "40": {
            "auroc": 0.5305057012226528,
            "auprc": 0.3977882974676584,
            "precision": 0.45211806325205417,
            "recall": 0.6508474576271187,
            "f1": 0.4919655818032078
        },
        "50": {
            "auroc": 0.5542091584060349,
            "auprc": 0.42528205835622623,
            "precision": 0.4563836684761832,
            "recall": 0.7220338983050848,
            "f1": 0.5374513052238672
        },
        "60": {
            "auroc": 0.5853610510217827,
            "auprc": 0.4478549453984309,
            "precision": 0.49723544029829575,
            "recall": 0.6135593220338984,
            "f1": 0.5061736365296535
        },
        "70": {
            "auroc": 0.5861518529964105,
            "auprc": 0.4480074397448983,
            "precision": 0.5203687069828802,
            "recall": 0.6271186440677966,
            "f1": 0.5362216747942778
        },
        "80": {
            "auroc": 0.5795354236495748,
            "auprc": 0.442793116590013,
            "precision": 0.48059284800776075,
            "recall": 0.6949152542372882,
            "f1": 0.5454660806722946
        },
        "90": {
            "auroc": 0.5785615803361305,
            "auprc": 0.4407565392373208,
            "precision": 0.44391709872433716,
            "recall": 0.8271186440677966,
            "f1": 0.5741029043156045
        },
        "100": {
            "auroc": 0.5824244657332351,
            "auprc": 0.44252373497498665,
            "precision": 0.46756909756909754,
            "recall": 0.7389830508474576,
            "f1": 0.5668972478133278
        },
        "110": {
            "auroc": 0.5750869644456066,
            "auprc": 0.43647585998591226,
            "precision": 0.4629695028713563,
            "recall": 0.8033898305084746,
            "f1": 0.5804783263291571
        },
        "120": {
            "auroc": 0.5798595098295576,
            "auprc": 0.4499043126781309,
            "precision": 0.4749834731756929,
            "recall": 0.6983050847457627,
            "f1": 0.5425851446515936
        },
        "130": {
            "auroc": 0.5721151179467674,
            "auprc": 0.44206672440749983,
            "precision": 0.485153777352101,
            "recall": 0.6779661016949152,
            "f1": 0.5402720992869727
        },
        "140": {
            "auroc": 0.5760306970626223,
            "auprc": 0.44463306962071625,
            "precision": 0.4908373083746773,
            "recall": 0.6576271186440679,
            "f1": 0.5355259301204639
        },
        "150": {
            "auroc": 0.574713354093866,
            "auprc": 0.44149665323494175,
            "precision": 0.492455524431995,
            "recall": 0.6644067796610169,
            "f1": 0.5363150184620992
        },
        "160": {
            "auroc": 0.5703322477634885,
            "auprc": 0.44120927267217647,
            "precision": 0.5114967173316882,
            "recall": 0.5322033898305085,
            "f1": 0.4899674667897111
        },
        "170": {
            "auroc": 0.5791206091869319,
            "auprc": 0.44354634316983554,
            "precision": 0.4798575303615422,
            "recall": 0.7322033898305084,
            "f1": 0.5652670997994013
        },
        "180": {
            "auroc": 0.5785548450487714,
            "auprc": 0.4427245262616025,
            "precision": 0.5013355942148375,
            "recall": 0.5966101694915255,
            "f1": 0.5232542229557634
        },
        "190": {
            "auroc": 0.5725949081227566,
            "auprc": 0.4448180058189868,
            "precision": 0.49565780194834996,
            "recall": 0.5627118644067797,
            "f1": 0.5065634879036308
        },
        "200": {
            "auroc": 0.5825342112978502,
            "auprc": 0.447711865774641,
            "precision": 0.488780032013028,
            "recall": 0.6508474576271187,
            "f1": 0.5452690669763841
        },
        "210": {
            "auroc": 0.5827647958415543,
            "auprc": 0.4477874442636903,
            "precision": 0.4986375169494693,
            "recall": 0.6610169491525424,
            "f1": 0.5420638234085672
        },
        "220": {
            "auroc": 0.5766008193278975,
            "auprc": 0.44672666147076284,
            "precision": 0.5092987591930646,
            "recall": 0.5796610169491525,
            "f1": 0.5207020369927321
        },
        "230": {
            "auroc": 0.5876981957353744,
            "auprc": 0.4536957821612031,
            "precision": 0.50590812038674,
            "recall": 0.5796610169491525,
            "f1": 0.523573041711455
        },
        "240": {
            "auroc": 0.5824450677886863,
            "auprc": 0.4478996414795631,
            "precision": 0.5075976938676686,
            "recall": 0.5457627118644067,
            "f1": 0.5125137457252549
        },
        "250": {
            "auroc": 0.5831249356185767,
            "auprc": 0.4464874281518399,
            "precision": 0.5253387401472216,
            "recall": 0.5389830508474576,
            "f1": 0.5088617036019805
        },
        "260": {
            "auroc": 0.5890135577372604,
            "auprc": 0.4487307770722825,
            "precision": 0.4921788701006372,
            "recall": 0.6338983050847457,
            "f1": 0.5387586348862927
        },
        "270": {
            "auroc": 0.5898166417064841,
            "auprc": 0.4510464823337438,
            "precision": 0.4981516039837047,
            "recall": 0.6508474576271186,
            "f1": 0.5449769510861052
        },
        "280": {
            "auroc": 0.5867144475875786,
            "auprc": 0.4493050325239971,
            "precision": 0.4970138246668867,
            "recall": 0.6033898305084746,
            "f1": 0.5307073285637592
        },
        "290": {
            "auroc": 0.5927353982931989,
            "auprc": 0.4563726080711059,
            "precision": 0.49073692448154427,
            "recall": 0.6372881355932204,
            "f1": 0.5344704425967497
        },
        "300": {
            "auroc": 0.5937290512753465,
            "auprc": 0.45235128742096664,
            "precision": 0.5112853304470838,
            "recall": 0.5830508474576271,
            "f1": 0.5314907501063242
        }
    },
    "epoch_stds": {
        "10": {
            "auroc": 0.03364180083270056,
            "auprc": 0.03199295821387085,
            "precision": 0.045363844609280786,
            "recall": 0.20468514087390546,
            "f1": 0.06983101729132782
        },
        "20": {
            "auroc": 0.06921890571320065,
            "auprc": 0.049621623114550664,
            "precision": 0.21674244793294214,
            "recall": 0.32004739666229615,
            "f1": 0.1901354941596601
        },
        "30": {
            "auroc": 0.033414278479653024,
            "auprc": 0.02753312404216713,
            "precision": 0.053626690660855625,
            "recall": 0.2627063968813229,
            "f1": 0.08903834927787704
        },
        "40": {
            "auroc": 0.017932330313368543,
            "auprc": 0.027987721707038865,
            "precision": 0.04692756697189684,
            "recall": 0.2759330362707623,