{
    "epoch_means": {
        "10": {
            "auroc": 0.5582909328114808,
            "auprc": 0.2863217525526678,
            "precision": 0.29453106844464116,
            "recall": 0.5790476190476189,
            "f1": 0.37956478203035965
        },
        "20": {
            "auroc": 0.5697977821265493,
            "auprc": 0.3071324866449407,
            "precision": 0.442921146953405,
            "recall": 0.5061904761904762,
            "f1": 0.3701960784313726
        },
        "30": {
            "auroc": 0.6023026744944554,
            "auprc": 0.29709252775176276,
            "precision": 0.3008131689541286,
            "recall": 0.6861904761904762,
            "f1": 0.4071433056715585
        },
        "40": {
            "auroc": 0.5991389432485323,
            "auprc": 0.30023236967817324,
            "precision": 0.2702626394407216,
            "recall": 0.7757142857142856,
            "f1": 0.3993944365104491
        },
        "50": {
            "auroc": 0.5940313111545988,
            "auprc": 0.2946869501976699,
            "precision": 0.31015523434254083,
            "recall": 0.5233333333333333,
            "f1": 0.3658110516934046
        },
        "60": {
            "auroc": 0.6206327462491845,
            "auprc": 0.30959108112076966,
            "precision": 0.3275653047081618,
            "recall": 0.5623809523809524,
            "f1": 0.39787733252018054
        },
        "70": {
            "auroc": 0.6325831702544031,
            "auprc": 0.3246928447695356,
            "precision": 0.3196491228070175,
            "recall": 0.5619047619047619,
            "f1": 0.39762854294260075
        },
        "80": {
            "auroc": 0.6354794520547945,
            "auprc": 0.3406885360808533,
            "precision": 0.3590686274509804,
            "recall": 0.531904761904762,
            "f1": 0.41354379347337095
        },
        "90": {
            "auroc": 0.6307305936073059,
            "auprc": 0.34172972660480555,
            "precision": 0.3440985498519745,
            "recall": 0.6423809523809524,
            "f1": 0.42422894706325887
        },
        "100": {
            "auroc": 0.6247227658186564,
            "auprc": 0.34034502491630614,
            "precision": 0.3472752941502942,
            "recall": 0.6623809523809524,
            "f1": 0.4306526989037757
        },
        "110": {
            "auroc": 0.6118786692759296,
            "auprc": 0.3264629479548959,
            "precision": 0.3537042606516291,
            "recall": 0.5576190476190477,
            "f1": 0.4078954722253692
        },
        "120": {
            "auroc": 0.606405740378343,
            "auprc": 0.3227506810980138,
            "precision": 0.40145112781954884,
            "recall": 0.43619047619047624,
            "f1": 0.3595457875457876
        },
        "130": {
            "auroc": 0.6101369863013699,
            "auprc": 0.31764631352368344,
            "precision": 0.37100303951367775,
            "recall": 0.46571428571428564,
            "f1": 0.37114625420114916
        },
        "140": {
            "auroc": 0.6140182648401827,
            "auprc": 0.31991204710289,
            "precision": 0.3357030610113404,
            "recall": 0.5028571428571429,
            "f1": 0.3945450469384896
        },
        "150": {
            "auroc": 0.6181409001956947,
            "auprc": 0.32239035351315,
            "precision": 0.3912862872421696,
            "recall": 0.5795238095238094,
            "f1": 0.37879284054399265
        },
        "160": {
            "auroc": 0.6172667971298109,
            "auprc": 0.3204524454036259,
            "precision": 0.3805942702284166,
            "recall": 0.580952380952381,
            "f1": 0.37415621986499514
        },
        "170": {
            "auroc": 0.6155251141552511,
            "auprc": 0.31850637503761714,
            "precision": 0.3330347813106434,
            "recall": 0.5800000000000001,
            "f1": 0.3787304175430389
        },
        "180": {
            "auroc": 0.615440313111546,
            "auprc": 0.3187311271180338,
            "precision": 0.4092992898913951,
            "recall": 0.5504761904761905,
            "f1": 0.37996088642985004
        },
        "190": {
            "auroc": 0.6110176125244619,
            "auprc": 0.3180818128591743,
            "precision": 0.38098604826546,
            "recall": 0.6304761904761905,
            "f1": 0.3804869374560301
        },
        "200": {
            "auroc": 0.6087801696020875,
            "auprc": 0.3161196450574266,
            "precision": 0.38582555357688914,
            "recall": 0.5814285714285715,
            "f1": 0.37329774986917846
        },
        "210": {
            "auroc": 0.6066536203522506,
            "auprc": 0.3099551554436092,
            "precision": 0.39596111949053125,
            "recall": 0.5714285714285714,
            "f1": 0.3794586372293515
        },
        "220": {
            "auroc": 0.6115068493150685,
            "auprc": 0.3183774865240079,
            "precision": 0.38506932822915796,
            "recall": 0.6004761904761905,
            "f1": 0.37969282179808495
        },
        "230": {
            "auroc": 0.6078864970645793,
            "auprc": 0.32242402842660733,
            "precision": 0.39897630162802383,
            "recall": 0.5204761904761904,
            "f1": 0.3747873047524094
        },
        "240": {
            "auroc": 0.6100913242009132,
            "auprc": 0.3185772009714829,
            "precision": 0.39840788760641227,
            "recall": 0.5395238095238095,
            "f1": 0.37734250075330855
        },
        "250": {
            "auroc": 0.6093607305936073,
            "auprc": 0.3283095693875515,
            "precision": 0.3968879239040529,
            "recall": 0.5495238095238095,
            "f1": 0.3795459774522586
        },
        "260": {
            "auroc": 0.6068166992824526,
            "auprc": 0.3172903654969507,
            "precision": 0.38801927357123445,
            "recall": 0.6195238095238095,
            "f1": 0.3820248440329251
        },
        "270": {
            "auroc": 0.6103783431180692,
            "auprc": 0.33143849894518046,
            "precision": 0.44015796703296706,
            "recall": 0.6100000000000001,
            "f1": 0.3713798099440162
        },
        "280": {
            "auroc": 0.6102478799739073,
            "auprc": 0.33014682038526166,
            "precision": 0.45865925058548,
            "recall": 0.5304761904761904,
            "f1": 0.37292991850621926
        },
        "290": {
            "auroc": 0.6069667318982387,
            "auprc": 0.323271745969447,
            "precision": 0.4831102064797717,
            "recall": 0.49333333333333335,
            "f1": 0.36788455023424615
        },
        "300": {
            "auroc": 0.6139660795825179,
            "auprc": 0.3243627794416658,
            "precision": 0.4785047116081599,
            "recall": 0.4333333333333334,
            "f1": 0.3610213582789701
        }
    },
    "epoch_stds": {
        "10": {
            "auroc": 0.0179102472849716,
            "auprc": 0.02729972474199598,
            "precision": 0.02750295248726175,
            "recall": 0.1613252935535406,
            "f1": 0.039023003290025615
        },
        "20": {
            "auroc": 0.03462930914686424,
            "auprc": 0.0482613075523497,
            "precision": 0.27983278467578027,
            "recall": 0.20050163847080768,
            "f1": 0.06024663520500786
        },
        "30": {
            "auroc": 0.04104514204738728,
            "auprc": 0.03727925314976196,
            "precision": 0.04784714576272161,
            "recall": 0.14837288320867575,
            "f1": 0.02912942229723751
        },
        "40": {
            "auroc": 0.057733849894034774,
            "auprc": 0.045586359574582604,
            "precision": 0.019464026685962785,
            "recall": 0.11407122730101218,