{
    "epoch_means": {
        "10": {
            "auroc": 0.4776154705588704,
            "auprc": 0.3742389469565441,
            "precision": 0.43052999900169714,
            "recall": 0.6033898305084746,
            "f1": 0.4600686001058009
        },
        "20": {
            "auroc": 0.5097649780905065,
            "auprc": 0.3858958734514534,
            "precision": 0.4387123334941821,
            "recall": 0.6644067796610169,
            "f1": 0.51660018171861
        },
        "30": {
            "auroc": 0.5515229673298944,
            "auprc": 0.4118129458950568,
            "precision": 0.45088018353049397,
            "recall": 0.7796610169491525,
            "f1": 0.5634582117692085
        },
        "40": {
            "auroc": 0.5414228096449316,
            "auprc": 0.41791505242838767,
            "precision": 0.4365308474002777,
            "recall": 0.735593220338983,
            "f1": 0.538499898140646
        },
        "50": {
            "auroc": 0.5557135046473483,
            "auprc": 0.4161492374749437,
            "precision": 0.45906078111611703,
            "recall": 0.6779661016949152,
            "f1": 0.5271452694907868
        },
        "60": {
            "auroc": 0.5779011259815691,
            "auprc": 0.4374412745737805,
            "precision": 0.48506888664072106,
            "recall": 0.6576271186440679,
            "f1": 0.5255056002698923
        },
        "70": {
            "auroc": 0.5809942076528711,
            "auprc": 0.44101293164955635,
            "precision": 0.4732828001224686,
            "recall": 0.7322033898305085,
            "f1": 0.548634215120366
        },
        "80": {
            "auroc": 0.5783662570027178,
            "auprc": 0.4375850084613684,
            "precision": 0.46805124408121745,
            "recall": 0.735593220338983,
            "f1": 0.5547307818673655
        },
        "90": {
            "auroc": 0.5781273523981585,
            "auprc": 0.4386379379034297,
            "precision": 0.45752855117769425,
            "recall": 0.776271186440678,
            "f1": 0.5712672893780733
        },
        "100": {
            "auroc": 0.5753294347905326,
            "auprc": 0.43483532695072347,
            "precision": 0.4610345471521942,
            "recall": 0.7627118644067796,
            "f1": 0.5708551657294533
        },
        "110": {
            "auroc": 0.5753900523767641,
            "auprc": 0.4420998677059681,
            "precision": 0.46213223806202935,
            "recall": 0.7627118644067796,
            "f1": 0.5699343921238129
        },
        "120": {
            "auroc": 0.5714304957963883,
            "auprc": 0.43845339160285557,
            "precision": 0.4932424045462838,
            "recall": 0.6847457627118645,
            "f1": 0.5344581338023852
        },
        "130": {
            "auroc": 0.572962179380512,
            "auprc": 0.43162925904302674,
            "precision": 0.49097924400729714,
            "recall": 0.6745762711864407,
            "f1": 0.5365882140926292
        },
        "140": {
            "auroc": 0.5767176963732458,
            "auprc": 0.4423577170596874,
            "precision": 0.517281438891346,
            "recall": 0.5559322033898305,
            "f1": 0.49796746875804293
        },
        "150": {
            "auroc": 0.5777684012012584,
            "auprc": 0.4402265153901329,
            "precision": 0.5030447734649416,
            "recall": 0.5627118644067797,
            "f1": 0.5100473119588439
        },
        "160": {
            "auroc": 0.574245449719099,
            "auprc": 0.4415042211657683,
            "precision": 0.5007233626099437,
            "recall": 0.576271186440678,
            "f1": 0.5131898950456361
        },
        "170": {
            "auroc": 0.578456985285378,
            "auprc": 0.44545810222698307,
            "precision": 0.4791093578597465,
            "recall": 0.7355932203389831,
            "f1": 0.5661115448000695
        },
        "180": {
            "auroc": 0.5802295544409316,
            "auprc": 0.45151806252982096,
            "precision": 0.5096570834475228,
            "recall": 0.583050847457627,
            "f1": 0.5228782213469207
        },
        "190": {
            "auroc": 0.5778900325670954,
            "auprc": 0.4433240827693992,
            "precision": 0.47940225074169324,
            "recall": 0.6576271186440679,
            "f1": 0.5409209770733738
        },
        "200": {
            "auroc": 0.5807810556176258,
            "auprc": 0.45118774704460546,
            "precision": 0.4991357837688666,
            "recall": 0.5796610169491525,
            "f1": 0.5224971386592496
        },
        "210": {
            "auroc": 0.5804537998906507,
            "auprc": 0.45399653251787414,
            "precision": 0.49722808502354365,
            "recall": 0.6508474576271186,
            "f1": 0.5335642489510171
        },
        "220": {
            "auroc": 0.5794736174832213,
            "auprc": 0.4459586927147693,
            "precision": 0.5126973232669869,
            "recall": 0.5694915254237288,
            "f1": 0.5178112702224207
        },
        "230": {
            "auroc": 0.5886514369933676,
            "auprc": 0.452642218224342,
            "precision": 0.48908026949718975,
            "recall": 0.6440677966101694,
            "f1": 0.5473206666817786
        },
        "240": {
            "auroc": 0.5846819755786403,
            "auprc": 0.44887565492018905,
            "precision": 0.49183250017415936,
            "recall": 0.6474576271186441,
            "f1": 0.5482051635174111
        },
        "250": {
            "auroc": 0.5876153913201956,
            "auprc": 0.44744842938305335,
            "precision": 0.5116462800765127,
            "recall": 0.5694915254237288,
            "f1": 0.5235853328434142
        },
        "260": {
            "auroc": 0.5818832655842663,
            "auprc": 0.4473588207593687,
            "precision": 0.5101876460594876,
            "recall": 0.5627118644067797,
            "f1": 0.5202186784766252
        },
        "270": {
            "auroc": 0.5904774922544194,
            "auprc": 0.45482150308787794,
            "precision": 0.507698043534236,
            "recall": 0.552542372881356,
            "f1": 0.5156812154999344
        },
        "280": {
            "auroc": 0.5877148358570852,
            "auprc": 0.4490658964719235,
            "precision": 0.4968546914932457,
            "recall": 0.5898305084745762,
            "f1": 0.5253897138934862
        },
        "290": {
            "auroc": 0.5900761483664947,
            "auprc": 0.45201282887771876,
            "precision": 0.47492251895631893,
            "recall": 0.6983050847457627,
            "f1": 0.5562841989839825
        },
        "300": {
            "auroc": 0.5931363459877497,
            "auprc": 0.4549671251710549,
            "precision": 0.5097803146836882,
            "recall": 0.5932203389830508,
            "f1": 0.5323298654716054
        }
    },
    "epoch_stds": {
        "10": {
            "auroc": 0.05456820136987417,
            "auprc": 0.043395888580662685,
            "precision": 0.02102807171900532,
            "recall": 0.2875567465823525,
            "f1": 0.12663064141522712
        },
        "20": {
            "auroc": 0.03899514600779995,
            "auprc": 0.030035640514529192,
            "precision": 0.018251935675238858,
            "recall": 0.1966101694915254,
            "f1": 0.05490371120587226
        },
        "30": {
            "auroc": 0.04738410387697695,
            "auprc": 0.030870652988567525,
            "precision": 0.03572612529658591,
            "recall": 0.13259394722446063,
            "f1": 0.021642371454690227
        },
        "40": {
            "auroc": 0.024319591635858232,
            "auprc": 0.04514447895523151,
            "precision": 0.012062429908089416,
            "recall": 0.17104373981753035,