{
    "epoch_means": {
        "10": {
            "auroc": 0.49121401573680085,
            "auprc": 0.3814837926205331,
            "precision": 0.4524175865305441,
            "recall": 0.7491525423728813,
            "f1": 0.5237547670687321
        },
        "20": {
            "auroc": 0.48751673917005406,
            "auprc": 0.38551378295422284,
            "precision": 0.43484074503015735,
            "recall": 0.6067796610169491,
            "f1": 0.4612882511883232
        },
        "30": {
            "auroc": 0.525121037075776,
            "auprc": 0.4070553887389722,
            "precision": 0.4430377503053749,
            "recall": 0.7627118644067796,
            "f1": 0.5419679112310691
        },
        "40": {
            "auroc": 0.5457492412896887,
            "auprc": 0.41917012138944,
            "precision": 0.44681908975385937,
            "recall": 0.7220338983050848,
            "f1": 0.5287634459965287
        },
        "50": {
            "auroc": 0.5564056544718345,
            "auprc": 0.4268897176918456,
            "precision": 0.4813734501264573,
            "recall": 0.5830508474576271,
            "f1": 0.4810779832056428
        },
        "60": {
            "auroc": 0.5639844375242669,
            "auprc": 0.42281993879472307,
            "precision": 0.45608176985929977,
            "recall": 0.7389830508474576,
            "f1": 0.5473287048516406
        },
        "70": {
            "auroc": 0.5738001283666532,
            "auprc": 0.43530659446906883,
            "precision": 0.4594141060191901,
            "recall": 0.7491525423728815,
            "f1": 0.5504928687132598
        },
        "80": {
            "auroc": 0.5877841696975461,
            "auprc": 0.44705324801344953,
            "precision": 0.4869784479419982,
            "recall": 0.6,
            "f1": 0.5201720946687267
        },
        "90": {
            "auroc": 0.5818373071528751,
            "auprc": 0.4448220242859741,
            "precision": 0.45489726567836497,
            "recall": 0.7966101694915254,
            "f1": 0.5751171458623723
        },
        "100": {
            "auroc": 0.578680438348349,
            "auprc": 0.4407917783963556,
            "precision": 0.4602987934483621,
            "recall": 0.759322033898305,
            "f1": 0.565433283051145
        },
        "110": {
            "auroc": 0.5775025554472627,
            "auprc": 0.4459497519305488,
            "precision": 0.5031643551729635,
            "recall": 0.6610169491525424,
            "f1": 0.5328684495212108
        },
        "120": {
            "auroc": 0.5724134515574362,
            "auprc": 0.43537078391121575,
            "precision": 0.47508628537932485,
            "recall": 0.7254237288135593,
            "f1": 0.5491207542839845
        },
        "130": {
            "auroc": 0.5750921149594694,
            "auprc": 0.4425240679774972,
            "precision": 0.5025422154530284,
            "recall": 0.5694915254237289,
            "f1": 0.4944941766161925
        },
        "140": {
            "auroc": 0.5679130910214657,
            "auprc": 0.4329965475257064,
            "precision": 0.48818021484688146,
            "recall": 0.6033898305084745,
            "f1": 0.5172635171441319
        },
        "150": {
            "auroc": 0.5767909921474473,
            "auprc": 0.4492003792985474,
            "precision": 0.502598639371387,
            "recall": 0.5322033898305084,
            "f1": 0.4834458481207128
        },
        "160": {
            "auroc": 0.5782319474489108,
            "auprc": 0.44143781071943844,
            "precision": 0.4971786747485879,
            "recall": 0.6372881355932203,
            "f1": 0.5320977150360127
        },
        "170": {
            "auroc": 0.5790104674289427,
            "auprc": 0.44666546971387655,
            "precision": 0.5116107712400941,
            "recall": 0.5491525423728814,
            "f1": 0.5085708722892373
        },
        "180": {
            "auroc": 0.5782616619519655,
            "auprc": 0.4424323727312006,
            "precision": 0.4810362975697962,
            "recall": 0.7220338983050848,
            "f1": 0.5637793986334814
        },
        "190": {
            "auroc": 0.5867089008803418,
            "auprc": 0.45114915064876937,
            "precision": 0.51043873729267,
            "recall": 0.5491525423728814,
            "f1": 0.5087631791982018
        },
        "200": {
            "auroc": 0.5857707149705629,
            "auprc": 0.4531257029713965,
            "precision": 0.5102091463345663,
            "recall": 0.5694915254237288,
            "f1": 0.5174173456470227
        },
        "210": {
            "auroc": 0.5859557372762497,
            "auprc": 0.44749505919539667,
            "precision": 0.5151454222064313,
            "recall": 0.5694915254237288,
            "f1": 0.5199397615710112
        },
        "220": {
            "auroc": 0.5902203627546533,
            "auprc": 0.45143704183052885,
            "precision": 0.5165590584102381,
            "recall": 0.5830508474576271,
            "f1": 0.5310773795403737
        },
        "230": {
            "auroc": 0.5898899374806856,
            "auprc": 0.45057255377743344,
            "precision": 0.4917474993741747,
            "recall": 0.6576271186440678,
            "f1": 0.5528044652534717
        },
        "240": {
            "auroc": 0.5855690525431653,
            "auprc": 0.449434931764935,
            "precision": 0.5284949067207132,
            "recall": 0.5186440677966102,
            "f1": 0.4907432251743476
        },
        "250": {
            "auroc": 0.5863539116171822,
            "auprc": 0.4519799568061275,
            "precision": 0.5039101638617433,
            "recall": 0.5423728813559322,
            "f1": 0.5026759748144406
        },
        "260": {
            "auroc": 0.5938732656635051,
            "auprc": 0.4540383337259769,
            "precision": 0.5051222833166107,
            "recall": 0.6745762711864407,
            "f1": 0.554686376956408
        },
        "270": {
            "auroc": 0.5948653338721562,
            "auprc": 0.4534990128880462,
            "precision": 0.4850314588808926,
            "recall": 0.6576271186440679,
            "f1": 0.5509811332476362
        },
        "280": {
            "auroc": 0.5927353982931989,
            "auprc": 0.45436589922072346,
            "precision": 0.4989637365642288,
            "recall": 0.6033898305084746,
            "f1": 0.5339082575835146
        },
        "290": {
            "auroc": 0.5977004936569441,
            "auprc": 0.4615516293613678,
            "precision": 0.4913129136189481,
            "recall": 0.6508474576271187,
            "f1": 0.5392533864608559
        },
        "300": {
            "auroc": 0.5875242668441614,
            "auprc": 0.4473664916484781,
            "precision": 0.4820240145712276,
            "recall": 0.711864406779661,
            "f1": 0.5581861888417016
        }
    },
    "epoch_stds": {
        "10": {
            "auroc": 0.0409738419928356,
            "auprc": 0.0379275471727217,
            "precision": 0.0659588848511141,
            "recall": 0.25444059667518926,
            "f1": 0.08642528593308635
        },
        "20": {
            "auroc": 0.036914969675896386,
            "auprc": 0.034130990160114776,
            "precision": 0.02917644457861986,
            "recall": 0.3169808739677548,
            "f1": 0.10393502901278985
        },
        "30": {
            "auroc": 0.049559027953689785,
            "auprc": 0.045022091842404244,
            "precision": 0.027146182399669094,
            "recall": 0.22915855974448232,
            "f1": 0.05338882169024807
        },
        "40": {
            "auroc": 0.023709529968832004,
            "auprc": 0.034907221832179564,
            "precision": 0.03426133079542155,
            "recall": 0.2405585762604769,