{
    "epoch_means": {
        "10": {
            "auroc": 0.5211089367253751,
            "auprc": 0.2627699551540272,
            "precision": 0.2554900922370802,
            "recall": 0.61,
            "f1": 0.35188164586222836
        },
        "20": {
            "auroc": 0.5548858447488585,
            "auprc": 0.28759932826876866,
            "precision": 0.33484128381153555,
            "recall": 0.49857142857142855,
            "f1": 0.3494603182388104
        },
        "30": {
            "auroc": 0.6067906066536203,
            "auprc": 0.3067484564395967,
            "precision": 0.31811842130528534,
            "recall": 0.667142857142857,
            "f1": 0.41978600724027226
        },
        "40": {
            "auroc": 0.5846118721461188,
            "auprc": 0.28838644440173367,
            "precision": 0.28530651811871277,
            "recall": 0.590952380952381,
            "f1": 0.38163244766505633
        },
        "50": {
            "auroc": 0.5825636007827789,
            "auprc": 0.29039318181177104,
            "precision": 0.2995055261161704,
            "recall": 0.5776190476190476,
            "f1": 0.368866824434041
        },
        "60": {
            "auroc": 0.6045727332028701,
            "auprc": 0.3013294012502469,
            "precision": 0.3326495726495726,
            "recall": 0.5223809523809524,
            "f1": 0.3850329074719318
        },
        "70": {
            "auroc": 0.6187410306588389,
            "auprc": 0.3205859608938254,
            "precision": 0.32934506132101415,
            "recall": 0.5976190476190475,
            "f1": 0.4075429344151454
        },
        "80": {
            "auroc": 0.6227005870841488,
            "auprc": 0.3264319728802273,
            "precision": 0.3419201228878649,
            "recall": 0.6433333333333333,
            "f1": 0.42680333899941747
        },
        "90": {
            "auroc": 0.6238486627527723,
            "auprc": 0.32272381245772264,
            "precision": 0.3866330879359352,
            "recall": 0.489047619047619,
            "f1": 0.40884853628756074
        },
        "100": {
            "auroc": 0.6192824527071104,
            "auprc": 0.32872352729409027,
            "precision": 0.35353850087514216,
            "recall": 0.6223809523809525,
            "f1": 0.42022591460988296
        },
        "110": {
            "auroc": 0.6118003913894325,
            "auprc": 0.33179107122777063,
            "precision": 0.3618730158730159,
            "recall": 0.4333333333333333,
            "f1": 0.3888950356818862
        },
        "120": {
            "auroc": 0.6057012393998695,
            "auprc": 0.3184951750936265,
            "precision": 0.3618110346371216,
            "recall": 0.4238095238095238,
            "f1": 0.3803318726696939
        },
        "130": {
            "auroc": 0.6102609262883236,
            "auprc": 0.31922083007258373,
            "precision": 0.3758942439976923,
            "recall": 0.46571428571428564,
            "f1": 0.3748055011478276
        },
        "140": {
            "auroc": 0.6151272015655577,
            "auprc": 0.31703292281126283,
            "precision": 0.3372884268649989,
            "recall": 0.5028571428571429,
            "f1": 0.395965811965812
        },
        "150": {
            "auroc": 0.6183757338551858,
            "auprc": 0.31959096124058756,
            "precision": 0.38762701320246074,
            "recall": 0.5604761904761905,
            "f1": 0.37456834175835063
        },
        "160": {
            "auroc": 0.618382257012394,
            "auprc": 0.320755147447727,
            "precision": 0.3461064965225377,
            "recall": 0.5495238095238095,
            "f1": 0.383813767931415
        },
        "170": {
            "auroc": 0.6164905414220483,
            "auprc": 0.3172996220795174,
            "precision": 0.3350733462673761,
            "recall": 0.5795238095238096,
            "f1": 0.38232531475315856
        },
        "180": {
            "auroc": 0.6161187214611872,
            "auprc": 0.3185105162236215,
            "precision": 0.4119590311231178,
            "recall": 0.53,
            "f1": 0.3790234878466694
        },
        "190": {
            "auroc": 0.607860404435747,
            "auprc": 0.31637231777923036,
            "precision": 0.41001769128704113,
            "recall": 0.51,
            "f1": 0.36468428518249607
        },
        "200": {
            "auroc": 0.6081474233529028,
            "auprc": 0.3139369855867746,
            "precision": 0.3985555639495354,
            "recall": 0.5204761904761904,
            "f1": 0.37468544845876267
        },
        "210": {
            "auroc": 0.6076777560339204,
            "auprc": 0.3077276875640814,
            "precision": 0.4085192697768763,
            "recall": 0.5204761904761904,
            "f1": 0.38315738109589825
        },
        "220": {
            "auroc": 0.6126744944553163,
            "auprc": 0.31723364484407324,
            "precision": 0.3921881627144785,
            "recall": 0.5404761904761906,
            "f1": 0.3778568872475344
        },
        "230": {
            "auroc": 0.6089497716894977,
            "auprc": 0.3186290128952409,
            "precision": 0.39812918264531166,
            "recall": 0.5009523809523809,
            "f1": 0.3695508440353995
        },
        "240": {
            "auroc": 0.6088845401174169,
            "auprc": 0.31389038366204375,
            "precision": 0.3964889181479043,
            "recall": 0.5014285714285714,
            "f1": 0.37119327731092433
        },
        "250": {
            "auroc": 0.6053750815394652,
            "auprc": 0.32140748725598767,
            "precision": 0.38973352033660585,
            "recall": 0.5019047619047619,
            "f1": 0.3670312304026088
        },
        "260": {
            "auroc": 0.6035551206784084,
            "auprc": 0.3237740035306686,
            "precision": 0.3984162533994561,
            "recall": 0.4819047619047619,
            "f1": 0.36766058147396885
        },
        "270": {
            "auroc": 0.6009915198956295,
            "auprc": 0.32039341509057584,
            "precision": 0.46567699138715024,
            "recall": 0.49000000000000005,
            "f1": 0.35897611384890965
        },
        "280": {
            "auroc": 0.6114872798434442,
            "auprc": 0.3253072422812826,
            "precision": 0.45233034693099505,
            "recall": 0.5304761904761904,
            "f1": 0.3680087321656781
        },
        "290": {
            "auroc": 0.6043509458577951,
            "auprc": 0.3206799764502378,
            "precision": 0.47199870324870324,
            "recall": 0.4133333333333333,
            "f1": 0.3513125226402153
        },
        "300": {
            "auroc": 0.607416829745597,
            "auprc": 0.32047874032707213,
            "precision": 0.326286231884058,
            "recall": 0.5461904761904762,
            "f1": 0.39084297681312613
        }
    },
    "epoch_stds": {
        "10": {
            "auroc": 0.022714579442731565,
            "auprc": 0.00556243776399652,
            "precision": 0.024357590554176446,
            "recall": 0.17500502098401208,
            "f1": 0.015652941450031037
        },
        "20": {
            "auroc": 0.03910611473843798,
            "auprc": 0.027738166738899946,
            "precision": 0.08617801774833732,
            "recall": 0.23068270952036118,
            "f1": 0.06825248952909001
        },
        "30": {
            "auroc": 0.03777274947335937,
            "auprc": 0.043080262416573444,
            "precision": 0.0627610399063645,
            "recall": 0.12804477674863474,
            "f1": 0.04110942094311493
        },
        "40": {
            "auroc": 0.0574343800034233,
            "auprc": 0.04128059917916369,
            "precision": 0.03993715219566718,
            "recall": 0.1310553707563396,