{
    "epoch_means": {
        "10": {
            "auroc": 0.49328767123287676,
            "auprc": 0.2630149794873903,
            "precision": 0.23113871635610767,
            "recall": 0.3385714285714286,
            "f1": 0.23844599844599842
        },
        "20": {
            "auroc": 0.5386040443574691,
            "auprc": 0.2890362413651477,
            "precision": 0.28458172260676506,
            "recall": 0.5504761904761906,
            "f1": 0.36331853951454274
        },
        "30": {
            "auroc": 0.5924722765818655,
            "auprc": 0.2853991477897961,
            "precision": 0.3322280348759222,
            "recall": 0.5823809523809524,
            "f1": 0.37285521496047813
        },
        "40": {
            "auroc": 0.5696542726679713,
            "auprc": 0.2790093999698917,
            "precision": 0.3103592021193704,
            "recall": 0.5095238095238096,
            "f1": 0.34065096590131294
        },
        "50": {
            "auroc": 0.5913176777560339,
            "auprc": 0.31046622858092515,
            "precision": 0.3415273477812178,
            "recall": 0.3857142857142858,
            "f1": 0.34557020076448597
        },
        "60": {
            "auroc": 0.6003783431180691,
            "auprc": 0.31621509196694075,
            "precision": 0.3465217104503702,
            "recall": 0.4552380952380952,
            "f1": 0.3673387215110376
        },
        "70": {
            "auroc": 0.6055772994129159,
            "auprc": 0.3286675112303275,
            "precision": 0.33766317016317016,
            "recall": 0.569047619047619,
            "f1": 0.4050351181906057
        },
        "80": {
            "auroc": 0.6203718199608612,
            "auprc": 0.3254904770157318,
            "precision": 0.35894353981310506,
            "recall": 0.5980952380952381,
            "f1": 0.4252610313662945
        },
        "90": {
            "auroc": 0.617788649706458,
            "auprc": 0.334401295154068,
            "precision": 0.35980685980685984,
            "recall": 0.5680952380952381,
            "f1": 0.4148793436578358
        },
        "100": {
            "auroc": 0.609191128506197,
            "auprc": 0.3304378206416319,
            "precision": 0.3515646099728256,
            "recall": 0.540952380952381,
            "f1": 0.4081633681029236
        },
        "110": {
            "auroc": 0.6070971950424006,
            "auprc": 0.3397687361064678,
            "precision": 0.344939850994353,
            "recall": 0.6209523809523809,
            "f1": 0.414437664594031
        },
        "120": {
            "auroc": 0.6018003913894325,
            "auprc": 0.33577739876863183,
            "precision": 0.4998696923468091,
            "recall": 0.41571428571428576,
            "f1": 0.36012528403832755
        },
        "130": {
            "auroc": 0.5979517286366602,
            "auprc": 0.3282199571854393,
            "precision": 0.5090157668418539,
            "recall": 0.3661904761904762,
            "f1": 0.3472088034796422
        },
        "140": {
            "auroc": 0.5974755381604697,
            "auprc": 0.3242613907810452,
            "precision": 0.403980877879183,
            "recall": 0.44571428571428573,
            "f1": 0.3472149456744514
        },
        "150": {
            "auroc": 0.6004305283757339,
            "auprc": 0.309651364878231,
            "precision": 0.37085019136139963,
            "recall": 0.5614285714285714,
            "f1": 0.35812109196278785
        },
        "160": {
            "auroc": 0.5895238095238096,
            "auprc": 0.3139723625535794,
            "precision": 0.35808997046236735,
            "recall": 0.5995238095238095,
            "f1": 0.35072477967628124
        },
        "170": {
            "auroc": 0.5866340508806263,
            "auprc": 0.3044309573292426,
            "precision": 0.30063147086506375,
            "recall": 0.620952380952381,
            "f1": 0.35129499295356803
        },
        "180": {
            "auroc": 0.587429876060013,
            "auprc": 0.30491579547629905,
            "precision": 0.29530876277451623,
            "recall": 0.6699999999999999,
            "f1": 0.3516294458229942
        },
        "190": {
            "auroc": 0.5884735812133073,
            "auprc": 0.3069655941640169,
            "precision": 0.30281621199653985,
            "recall": 0.64,
            "f1": 0.35542931402580524
        },
        "200": {
            "auroc": 0.5824918460534899,
            "auprc": 0.30348330615857705,
            "precision": 0.303968253968254,
            "recall": 0.5800000000000001,
            "f1": 0.34582299421009094
        },
        "210": {
            "auroc": 0.5919960861056752,
            "auprc": 0.310379304624019,
            "precision": 0.3175183748649558,
            "recall": 0.5504761904761905,
            "f1": 0.35102876536636446
        },
        "220": {
            "auroc": 0.5915198956294848,
            "auprc": 0.3101187143665833,
            "precision": 0.32582750582750586,
            "recall": 0.5595238095238095,
            "f1": 0.35617305625816265
        },
        "230": {
            "auroc": 0.5932941943900849,
            "auprc": 0.3142155607754006,
            "precision": 0.3036650992685475,
            "recall": 0.6547619047619048,
            "f1": 0.4034235433303756
        },
        "240": {
            "auroc": 0.5981343770384867,
            "auprc": 0.3180738671507596,
            "precision": 0.3605463222642964,
            "recall": 0.5214285714285716,
            "f1": 0.3661705991050839
        },
        "250": {
            "auroc": 0.6054794520547946,
            "auprc": 0.3256714072476677,
            "precision": 0.311725225416909,
            "recall": 0.6547619047619048,
            "f1": 0.40933150695376225
        },
        "260": {
            "auroc": 0.5952576647097195,
            "auprc": 0.32461057703457097,
            "precision": 0.3522356953391436,
            "recall": 0.54,
            "f1": 0.35956672368633696
        },
        "270": {
            "auroc": 0.601030658838878,
            "auprc": 0.32696207903411195,
            "precision": 0.36943763698987586,
            "recall": 0.5204761904761905,
            "f1": 0.37072035573122525
        },
        "280": {
            "auroc": 0.5984344422700587,
            "auprc": 0.32843291330146596,
            "precision": 0.40302398854278554,
            "recall": 0.4738095238095238,
            "f1": 0.3665327929255711
        },
        "290": {
            "auroc": 0.6081800391389433,
            "auprc": 0.3294313561244824,
            "precision": 0.4026177371241519,
            "recall": 0.5209523809523808,
            "f1": 0.3725310826470316
        },
        "300": {
            "auroc": 0.6055381604696674,
            "auprc": 0.3299791716085224,
            "precision": 0.40423558897243106,
            "recall": 0.5114285714285713,
            "f1": 0.37081434825337267
        }
    },
    "epoch_stds": {
        "10": {
            "auroc": 0.04891399512768884,
            "auprc": 0.018253109552513743,
            "precision": 0.12246579648961003,
            "recall": 0.2701742110350098,
            "f1": 0.14094900664288304
        },
        "20": {
            "auroc": 0.044116959535073795,
            "auprc": 0.03839831954677704,
            "precision": 0.033395201164902286,
            "recall": 0.19708418726713797,
            "f1": 0.04672100707817239
        },
        "30": {
            "auroc": 0.03544894776889952,
            "auprc": 0.016133272288771695,
            "precision": 0.06068419808558313,
            "recall": 0.26843630508301464,
            "f1": 0.0804726598164504
        },
        "40": {
            "auroc": 0.054384233359786004,
            "auprc": 0.04133432602681217,
            "precision": 0.03845527455925325,
            "recall": 0.2813999663167782,