{
    "epoch_means": {
        "10": {
            "auroc": 0.563085453359426,
            "auprc": 0.29061749988389096,
            "precision": 0.2769128286948087,
            "recall": 0.6361904761904761,
            "f1": 0.37441092964054745
        },
        "20": {
            "auroc": 0.530365296803653,
            "auprc": 0.2490213672271814,
            "precision": 0.2868181818181818,
            "recall": 0.59,
            "f1": 0.35120061728395063
        },
        "30": {
            "auroc": 0.5772863666014352,
            "auprc": 0.28894016810522866,
            "precision": 0.30465611088546135,
            "recall": 0.6371428571428572,
            "f1": 0.40531296795447735
        },
        "40": {
            "auroc": 0.5877038486627527,
            "auprc": 0.27024534319489,
            "precision": 0.30478668261562997,
            "recall": 0.56,
            "f1": 0.39343461136564584
        },
        "50": {
            "auroc": 0.5818851924331376,
            "auprc": 0.2877249453324697,
            "precision": 0.3130527870062754,
            "recall": 0.5233333333333332,
            "f1": 0.38653897465218223
        },
        "60": {
            "auroc": 0.5939465101108936,
            "auprc": 0.3067442158442829,
            "precision": 0.31352663332539493,
            "recall": 0.5823809523809523,
            "f1": 0.3993654666998345
        },
        "70": {
            "auroc": 0.6061578604044356,
            "auprc": 0.32076130870944014,
            "precision": 0.3222813622547665,
            "recall": 0.5614285714285714,
            "f1": 0.40203565982081046
        },
        "80": {
            "auroc": 0.6201761252446183,
            "auprc": 0.33359418018651976,
            "precision": 0.34602236507607353,
            "recall": 0.5138095238095237,
            "f1": 0.40361130097972203
        },
        "90": {
            "auroc": 0.6221591650358774,
            "auprc": 0.3226211086331892,
            "precision": 0.3715181665181665,
            "recall": 0.5038095238095238,
            "f1": 0.4128434079549156
        },
        "100": {
            "auroc": 0.6274690150032616,
            "auprc": 0.3337866298243366,
            "precision": 0.36284587005533925,
            "recall": 0.5123809523809524,
            "f1": 0.406386480156972
        },
        "110": {
            "auroc": 0.6190280495759948,
            "auprc": 0.3271166425242441,
            "precision": 0.35783300678649516,
            "recall": 0.5209523809523808,
            "f1": 0.40107169013615634
        },
        "120": {
            "auroc": 0.6107436399217222,
            "auprc": 0.32174535401854526,
            "precision": 0.3203756674294432,
            "recall": 0.5580952380952381,
            "f1": 0.3975282983405788
        },
        "130": {
            "auroc": 0.6090802348336595,
            "auprc": 0.32039203549730605,
            "precision": 0.320703211517165,
            "recall": 0.5519047619047619,
            "f1": 0.38749611015438534
        },
        "140": {
            "auroc": 0.6006392694063928,
            "auprc": 0.3189000103741747,
            "precision": 0.32089572921863285,
            "recall": 0.5019047619047619,
            "f1": 0.37335519517424887
        },
        "150": {
            "auroc": 0.5972407045009784,
            "auprc": 0.3211328962909048,
            "precision": 0.3424908137951616,
            "recall": 0.4833333333333333,
            "f1": 0.3610450096619008
        },
        "160": {
            "auroc": 0.5953620352250489,
            "auprc": 0.32291290886703317,
            "precision": 0.3774074074074074,
            "recall": 0.4238095238095238,
            "f1": 0.35422244235794065
        },
        "170": {
            "auroc": 0.5907697325505545,
            "auprc": 0.32198738964920254,
            "precision": 0.38914529914529916,
            "recall": 0.41428571428571426,
            "f1": 0.3694896782378042
        },
        "180": {
            "auroc": 0.5874233529028049,
            "auprc": 0.31722623805032535,
            "precision": 0.3753458510775584,
            "recall": 0.42333333333333334,
            "f1": 0.3653030235343238
        },
        "190": {
            "auroc": 0.5883561643835618,
            "auprc": 0.31617131406204924,
            "precision": 0.3953227931488801,
            "recall": 0.39476190476190476,
            "f1": 0.3636667003741531
        },
        "200": {
            "auroc": 0.584559686888454,
            "auprc": 0.3029830079179852,
            "precision": 0.34280701754385967,
            "recall": 0.4842857142857143,
            "f1": 0.3597659943742893
        },
        "210": {
            "auroc": 0.5830463144161775,
            "auprc": 0.30238594158595994,
            "precision": 0.3290175394656393,
            "recall": 0.5042857142857142,
            "f1": 0.3627883393794676
        },
        "220": {
            "auroc": 0.5839399869536855,
            "auprc": 0.3023438937342052,
            "precision": 0.3404329004329004,
            "recall": 0.49523809523809526,
            "f1": 0.3628425354317016
        },
        "230": {
            "auroc": 0.5829288975864318,
            "auprc": 0.3021472095359735,
            "precision": 0.34175494175494175,
            "recall": 0.4852380952380953,
            "f1": 0.36290726817042607
        },
        "240": {
            "auroc": 0.5818786692759296,
            "auprc": 0.30235257857282194,
            "precision": 0.3303131509013862,
            "recall": 0.5519047619047619,
            "f1": 0.3747975991542475
        },
        "250": {
            "auroc": 0.590293542074364,
            "auprc": 0.30496783482385964,
            "precision": 0.3737298225345785,
            "recall": 0.551904761904762,
            "f1": 0.3855315958948722
        },
        "260": {
            "auroc": 0.5908480104370515,
            "auprc": 0.3051639462251563,
            "precision": 0.3427450980392157,
            "recall": 0.5823809523809523,
            "f1": 0.37991452168620443
        },
        "270": {
            "auroc": 0.5817351598173516,
            "auprc": 0.29762948272900147,
            "precision": 0.3202569860172524,
            "recall": 0.5533333333333333,
            "f1": 0.3628719261808539
        },
        "280": {
            "auroc": 0.5891519895629485,
            "auprc": 0.3029947385477265,
            "precision": 0.28529850534615275,
            "recall": 0.6847619047619048,
            "f1": 0.39805617104693786
        },
        "290": {
            "auroc": 0.5835225048923679,
            "auprc": 0.3021507131565772,
            "precision": 0.33442046043833074,
            "recall": 0.5709523809523809,
            "f1": 0.3682735882735883
        },
        "300": {
            "auroc": 0.5809067188519244,
            "auprc": 0.29886116790849465,
            "precision": 0.3558536617913953,
            "recall": 0.47333333333333333,
            "f1": 0.3556804522906218
        }
    },
    "epoch_stds": {
        "10": {
            "auroc": 0.05733762940749202,
            "auprc": 0.058832790095058846,
            "precision": 0.04632845707657752,
            "recall": 0.1265126166707129,
            "f1": 0.020741759219273
        },
        "20": {
            "auroc": 0.0629816216525503,
            "auprc": 0.059564321811628164,
            "precision": 0.0452002990474192,
            "recall": 0.26214880405001395,
            "f1": 0.0616803828713294
        },
        "30": {
            "auroc": 0.0258475657473359,
            "auprc": 0.035948971020678545,
            "precision": 0.027836146182560046,
            "recall": 0.1283207432643976,
            "f1": 0.021769171715793182
        },
        "40": {
            "auroc": 0.06783296908586481,
            "auprc": 0.051263536030156764,
            "precision": 0.030095584695812708,
            "recall": 0.07376188939100335,