{
    "epoch_means": {
        "10": {
            "auroc": 0.565283757338552,
            "auprc": 0.28607909806014165,
            "precision": 0.29144057916780614,
            "recall": 0.6680952380952381,
            "f1": 0.39440501671980943
        },
        "20": {
            "auroc": 0.5733594259621657,
            "auprc": 0.3084130544094403,
            "precision": 0.4324866514111365,
            "recall": 0.5671428571428571,
            "f1": 0.3755340182205854
        },
        "30": {
            "auroc": 0.6039204174820613,
            "auprc": 0.3011954063506395,
            "precision": 0.3121749408983451,
            "recall": 0.6761904761904762,
            "f1": 0.4114654282765737
        },
        "40": {
            "auroc": 0.5949380300065232,
            "auprc": 0.2982858326496549,
            "precision": 0.27719987374733684,
            "recall": 0.6961904761904762,
            "f1": 0.3923506952817298
        },
        "50": {
            "auroc": 0.5917025440313111,
            "auprc": 0.2925007773243235,
            "precision": 0.30637345847429875,
            "recall": 0.5233333333333333,
            "f1": 0.36978119706380574
        },
        "60": {
            "auroc": 0.618232224396608,
            "auprc": 0.31035241377989703,
            "precision": 0.3288427078148332,
            "recall": 0.5138095238095238,
            "f1": 0.3833499045919869
        },
        "70": {
            "auroc": 0.6308806262230919,
            "auprc": 0.32515669332969255,
            "precision": 0.3369132653061224,
            "recall": 0.5233333333333333,
            "f1": 0.39124655882419856
        },
        "80": {
            "auroc": 0.6326223091976517,
            "auprc": 0.3343040099396188,
            "precision": 0.31658127556707677,
            "recall": 0.6661904761904763,
            "f1": 0.42039104599731514
        },
        "90": {
            "auroc": 0.62795172863666,
            "auprc": 0.33012359378564476,
            "precision": 0.3462847941108811,
            "recall": 0.6323809523809524,
            "f1": 0.422814390305264
        },
        "100": {
            "auroc": 0.6237703848662752,
            "auprc": 0.34085656008287374,
            "precision": 0.3664559295912634,
            "recall": 0.6323809523809525,
            "f1": 0.4323623989718727
        },
        "110": {
            "auroc": 0.6106523157208089,
            "auprc": 0.3268349993580583,
            "precision": 0.3493050562524247,
            "recall": 0.5861904761904763,
            "f1": 0.4159155223506824
        },
        "120": {
            "auroc": 0.6035551206784083,
            "auprc": 0.3202265996311621,
            "precision": 0.34657556935817807,
            "recall": 0.4938095238095238,
            "f1": 0.3863352173447089
        },
        "130": {
            "auroc": 0.6108871493803,
            "auprc": 0.3186495092060577,
            "precision": 0.3685714285714285,
            "recall": 0.46571428571428564,
            "f1": 0.36872358493876545
        },
        "140": {
            "auroc": 0.6167123287671232,
            "auprc": 0.3412282246694122,
            "precision": 0.3313557791537668,
            "recall": 0.5028571428571429,
            "f1": 0.39291603821015586
        },
        "150": {
            "auroc": 0.6159817351598174,
            "auprc": 0.32655426163183,
            "precision": 0.39427675772503357,
            "recall": 0.47476190476190466,
            "f1": 0.3631249285305889
        },
        "160": {
            "auroc": 0.6203196347031964,
            "auprc": 0.33101761088733767,
            "precision": 0.3820707922183105,
            "recall": 0.6,
            "f1": 0.37821152703505645
        },
        "170": {
            "auroc": 0.6104044357469016,
            "auprc": 0.3172702647098623,
            "precision": 0.34154391445392285,
            "recall": 0.5395238095238095,
            "f1": 0.37480955812337546
        },
        "180": {
            "auroc": 0.614409654272668,
            "auprc": 0.3193074719407719,
            "precision": 0.4054456654456654,
            "recall": 0.5599999999999999,
            "f1": 0.37713501769274954
        },
        "190": {
            "auroc": 0.6082517938682322,
            "auprc": 0.32560329180610903,
            "precision": 0.4351159951159951,
            "recall": 0.4704761904761904,
            "f1": 0.36676827941308676
        },
        "200": {
            "auroc": 0.6073385518590998,
            "auprc": 0.32250676181300253,
            "precision": 0.3869341284901057,
            "recall": 0.5404761904761906,
            "f1": 0.369718783570776
        },
        "210": {
            "auroc": 0.6058643183300718,
            "auprc": 0.3165980994511342,
            "precision": 0.38908836261777435,
            "recall": 0.6,
            "f1": 0.3771933715817906
        },
        "220": {
            "auroc": 0.6114742335290281,
            "auprc": 0.3199789180292102,
            "precision": 0.4130721477780301,
            "recall": 0.4904761904761905,
            "f1": 0.3685106706159338
        },
        "230": {
            "auroc": 0.6082126549249838,
            "auprc": 0.3325559671947709,
            "precision": 0.39626694202211254,
            "recall": 0.5204761904761904,
            "f1": 0.37291655645308974
        },
        "240": {
            "auroc": 0.6078082191780823,
            "auprc": 0.31412988282996107,
            "precision": 0.3986876078861326,
            "recall": 0.5109523809523809,
            "f1": 0.3737929291498814
        },
        "250": {
            "auroc": 0.6090671885192434,
            "auprc": 0.32997542259569773,
            "precision": 0.38488193685962446,
            "recall": 0.6104761904761905,
            "f1": 0.37995438016892635
        },
        "260": {
            "auroc": 0.6022896281800392,
            "auprc": 0.3227829138976647,
            "precision": 0.3857861328565882,
            "recall": 0.6195238095238095,
            "f1": 0.3795555839890815
        },
        "270": {
            "auroc": 0.6048010437051534,
            "auprc": 0.33601253764884914,
            "precision": 0.45627468060394893,
            "recall": 0.47333333333333333,
            "f1": 0.36187746379740976
        },
        "280": {
            "auroc": 0.609262883235486,
            "auprc": 0.32190840271410937,
            "precision": 0.4637224108658743,
            "recall": 0.5304761904761904,
            "f1": 0.37721129426019145
        },
        "290": {
            "auroc": 0.6061317677756034,
            "auprc": 0.3226809559584527,
            "precision": 0.4542258282623394,
            "recall": 0.5295238095238094,
            "f1": 0.3661396369001924
        },
        "300": {
            "auroc": 0.6037312459230267,
            "auprc": 0.3287059586951303,
            "precision": 0.4847508305647841,
            "recall": 0.43285714285714294,
            "f1": 0.3582875106564365
        }
    },
    "epoch_stds": {
        "10": {
            "auroc": 0.020517020807490936,
            "auprc": 0.02686313656478088,
            "precision": 0.034837058807043464,
            "recall": 0.15569025590033864,
            "f1": 0.027260091901770592
        },
        "20": {
            "auroc": 0.032360589364953445,
            "auprc": 0.0487564602128334,
            "precision": 0.2844611321853672,
            "recall": 0.21303018427075268,
            "f1": 0.059597967732908506
        },
        "30": {
            "auroc": 0.040537264962392204,
            "auprc": 0.040312420119732184,
            "precision": 0.0705249787803404,
            "recall": 0.14190955568764513,
            "f1": 0.03267864197949055
        },
        "40": {
            "auroc": 0.055702306211183134,
            "auprc": 0.044960537260618945,
            "precision": 0.02950126098947415,
            "recall": 0.12301577060927636,