{
    "epoch_means": {
        "10": {
            "auroc": 0.9728750000000002,
            "auprc": 0.8937648111080536,
            "precision": 0.7575026829732149,
            "recall": 0.9675,
            "f1": 0.8492219904645548
        },
        "20": {
            "auroc": 0.9816015625000001,
            "auprc": 0.9368668551094309,
            "precision": 0.789849823800488,
            "recall": 0.9650000000000001,
            "f1": 0.8680857814366629
        },
        "30": {
            "auroc": 0.9803124999999999,
            "auprc": 0.9330048172007537,
            "precision": 0.8145811027224891,
            "recall": 0.96,
            "f1": 0.8810755580419662
        },
        "40": {
            "auroc": 0.9871874999999999,
            "auprc": 0.9523897981691766,
            "precision": 0.8342733718933258,
            "recall": 0.97,
            "f1": 0.8965877631427052
        },
        "50": {
            "auroc": 0.9810234375,
            "auprc": 0.9005749070629034,
            "precision": 0.8298490870671206,
            "recall": 0.97,
            "f1": 0.8938042232741947
        },
        "60": {
            "auroc": 0.9877968750000001,
            "auprc": 0.9588726474824926,
            "precision": 0.8732112485678825,
            "recall": 0.95,
            "f1": 0.9085744012976267
        },
        "70": {
            "auroc": 0.9844999999999999,
            "auprc": 0.9314976427571036,
            "precision": 0.8220156860349925,
            "recall": 0.9674999999999999,
            "f1": 0.8876651417601114
        },
        "80": {
            "auroc": 0.98000390625,
            "auprc": 0.9001912890204533,
            "precision": 0.8115665613955183,
            "recall": 0.975,
            "f1": 0.8841442671360327
        },
        "90": {
            "auroc": 0.98393359375,
            "auprc": 0.9170232072605294,
            "precision": 0.8612543811223375,
            "recall": 0.9550000000000001,
            "f1": 0.9030565225490506
        },
        "100": {
            "auroc": 0.9821874999999999,
            "auprc": 0.9095598427651062,
            "precision": 0.8116245643947891,
            "recall": 0.9724999999999999,
            "f1": 0.8844442432973029
        },
        "110": {
            "auroc": 0.9807109375000002,
            "auprc": 0.8889104716950909,
            "precision": 0.7836354163535624,
            "recall": 0.9724999999999999,
            "f1": 0.8676226505734702
        },
        "120": {
            "auroc": 0.9809296875,
            "auprc": 0.9135462335634564,
            "precision": 0.7740267934181617,
            "recall": 0.97,
            "f1": 0.8600801903325502
        },
        "130": {
            "auroc": 0.9746914062500001,
            "auprc": 0.8470172023041321,
            "precision": 0.7966147076246087,
            "recall": 0.9650000000000001,
            "f1": 0.8720170625279244
        },
        "140": {
            "auroc": 0.9761523437499999,
            "auprc": 0.894188599880629,
            "precision": 0.7764592980878606,
            "recall": 0.9700000000000001,
            "f1": 0.8613762730097821
        },
        "150": {
            "auroc": 0.97493359375,
            "auprc": 0.8615722685560415,
            "precision": 0.7856013317829932,
            "recall": 0.9675,
            "f1": 0.8659210041836308
        },
        "160": {
            "auroc": 0.9762890625,
            "auprc": 0.8909146589471539,
            "precision": 0.7778058618197454,
            "recall": 0.9675,
            "f1": 0.8611882211808635
        },
        "170": {
            "auroc": 0.9760781250000001,
            "auprc": 0.8708384480424899,
            "precision": 0.7809687521681422,
            "recall": 0.96,
            "f1": 0.860669676969065
        },
        "180": {
            "auroc": 0.9736523437500001,
            "auprc": 0.8716897064386048,
            "precision": 0.7517760166599223,
            "recall": 0.9675,
            "f1": 0.8455327581019757
        },
        "190": {
            "auroc": 0.96921484375,
            "auprc": 0.844948350486437,
            "precision": 0.7520435863427777,
            "recall": 0.9650000000000001,
            "f1": 0.8449805402373887
        },
        "200": {
            "auroc": 0.972328125,
            "auprc": 0.864516703567566,
            "precision": 0.7510724655461497,
            "recall": 0.9675,
            "f1": 0.8448827614239471
        }
    },
    "epoch_stds": {
        "10": {
            "auroc": 0.010326712507421601,
            "auprc": 0.0495411194255996,
            "precision": 0.034309186626863934,
            "recall": 0.010000000000000004,
            "f1": 0.02115254071192032
        },
        "20": {
            "auroc": 0.006967068182707882,
            "auprc": 0.021512567879677553,
            "precision": 0.04118251292631703,
            "recall": 0.009354143466934856,
            "f1": 0.024949865392682163
        },
        "30": {
            "auroc": 0.00868752107686292,
            "auprc": 0.03712766678331253,
            "precision": 0.032280967403051766,
            "recall": 0.014577379737113249,
            "f1": 0.022721222233131902
        },
        "40": {
            "auroc": 0.00848061179203406,
            "auprc": 0.029287769482726798,
            "precision": 0.03762929898558374,
            "recall": 0.006123724356957924,
            "f1": 0.022207158056665073
        },
        "50": {
            "auroc": 0.01178816420948094,
            "auprc": 0.09003412197278972,
            "precision": 0.046705489359427525,
            "recall": 0.006123724356957924,
            "f1": 0.028237714431257208
        },
        "60": {
            "auroc": 0.0051310106711848135,
            "auprc": 0.013756340853162598,
            "precision": 0.04786159083743138,
            "recall": 0.026220221204253782,
            "f1": 0.01774717280196287
        },
        "70": {
            "auroc": 0.008234886428615019,
            "auprc": 0.05405546979087739,
            "precision": 0.05190183199655213,
            "recall": 0.012747548783981983,
            "f1": 0.02743385430906148
        },
        "80": {
            "auroc": 0.00815873779707416,
            "auprc": 0.05407693735192636,
            "precision": 0.06783563936318973,
            "recall": 0.007905694150420955,
            "f1": 0.03872353057509394
        },
        "90": {
            "auroc": 0.009856310191239781,
            "auprc": 0.08276600991057409,
            "precision": 0.06521438944048623,
            "recall": 0.03409545424246465,
            "f1": 0.022323645034561773
        },
        "100": {
            "auroc": 0.0071347418324439185,
            "auprc": 0.058396343658140504,
            "precision": 0.03021343131388487,
            "recall": 0.009354143466934856,
            "f1": 0.017451328728100016
        },
        "110": {
            "auroc": 0.0044485585138966405,
            "auprc": 0.051790145709918474,
            "precision": 0.026773746033885413,
            "recall": 0.009354143466934856,
            "f1": 0.016177692856173008
        },
        "120": {
            "auroc": 0.005805870295038688,
            "auprc": 0.026539946995487652,
            "precision": 0.04121604571432967,
            "recall": 0.016955824957813174,
            "f1": 0.02194821397159712
        },
        "130": {
            "auroc": 0.012864571208664986,
            "auprc": 0.10375222913608488,
            "precision": 0.04220613043686269,
            "recall": 0.01457737973711328,
            "f1": 0.02434022453552643
        },
        "140": {
            "auroc": 0.004478239214785669,
            "auprc": 0.02423113011109728,
            "precision": 0.049547456162804815,
            "recall": 0.012747548783981983,
            "f1": 0.02754361268763892
        },
        "150": {
            "auroc": 0.011298841460936347,
            "auprc": 0.08703637375819245,