{
    "epoch_means": {
        "10": {
            "auroc": 0.5309132420091325,
            "auprc": 0.2649764036437642,
            "precision": 0.2850189122212078,
            "recall": 0.6866666666666666,
            "f1": 0.39028281714385615
        },
        "20": {
            "auroc": 0.5703718199608611,
            "auprc": 0.30887052319378433,
            "precision": 0.43352173913043474,
            "recall": 0.547142857142857,
            "f1": 0.37336658113789406
        },
        "30": {
            "auroc": 0.6036855838225701,
            "auprc": 0.30000036308566624,
            "precision": 0.2980651874932027,
            "recall": 0.6961904761904762,
            "f1": 0.40432426492884643
        },
        "40": {
            "auroc": 0.5979843444227007,
            "auprc": 0.28802747968487025,
            "precision": 0.27572847677003626,
            "recall": 0.7838095238095238,
            "f1": 0.4063816262804306
        },
        "50": {
            "auroc": 0.5926223091976517,
            "auprc": 0.2930327881811577,
            "precision": 0.3050377927122113,
            "recall": 0.4661904761904762,
            "f1": 0.3379995688145094
        },
        "60": {
            "auroc": 0.6118330071754731,
            "auprc": 0.29996072329596973,
            "precision": 0.3284979730432071,
            "recall": 0.5433333333333333,
            "f1": 0.3933725444969822
        },
        "70": {
            "auroc": 0.634703196347032,
            "auprc": 0.3273773721777427,
            "precision": 0.32532640914993854,
            "recall": 0.5919047619047618,
            "f1": 0.40380192482677246
        },
        "80": {
            "auroc": 0.6343509458577953,
            "auprc": 0.33959970982354803,
            "precision": 0.35070085929108485,
            "recall": 0.5414285714285715,
            "f1": 0.4110055700505221
        },
        "90": {
            "auroc": 0.6326027397260274,
            "auprc": 0.3344919100138418,
            "precision": 0.3502986260803183,
            "recall": 0.621904761904762,
            "f1": 0.416452486574631
        },
        "100": {
            "auroc": 0.6257469015003262,
            "auprc": 0.33693449874864795,
            "precision": 0.36744409319751786,
            "recall": 0.6423809523809524,
            "f1": 0.436589066769427
        },
        "110": {
            "auroc": 0.6148988910632747,
            "auprc": 0.3213051267977627,
            "precision": 0.3394436090225564,
            "recall": 0.6433333333333333,
            "f1": 0.42156922185319745
        },
        "120": {
            "auroc": 0.607716894977169,
            "auprc": 0.32365387606887047,
            "precision": 0.35854037267080746,
            "recall": 0.4738095238095238,
            "f1": 0.39060285712274456
        },
        "130": {
            "auroc": 0.6102478799739074,
            "auprc": 0.3255394222266922,
            "precision": 0.38413533834586466,
            "recall": 0.44523809523809527,
            "f1": 0.3784981684981685
        },
        "140": {
            "auroc": 0.6116503587736465,
            "auprc": 0.32378902993106257,
            "precision": 0.3344753443711581,
            "recall": 0.5033333333333333,
            "f1": 0.39260693895476506
        },
        "150": {
            "auroc": 0.6174298760600131,
            "auprc": 0.32876603039749447,
            "precision": 0.3400335186928894,
            "recall": 0.589047619047619,
            "f1": 0.38528644162067344
        },
        "160": {
            "auroc": 0.6212785388127854,
            "auprc": 0.33215938366730524,
            "precision": 0.39172522260936893,
            "recall": 0.57,
            "f1": 0.3787451540174967
        },
        "170": {
            "auroc": 0.6144553163731246,
            "auprc": 0.3270883487420157,
            "precision": 0.38491720212349256,
            "recall": 0.5700000000000001,
            "f1": 0.37258793750545516
        },
        "180": {
            "auroc": 0.6173842139595564,
            "auprc": 0.32451978440727774,
            "precision": 0.4164377289377289,
            "recall": 0.5004761904761905,
            "f1": 0.37174065106268495
        },
        "190": {
            "auroc": 0.6124070450097847,
            "auprc": 0.31993881496112486,
            "precision": 0.40552230632322167,
            "recall": 0.53,
            "f1": 0.37331574263777656
        },
        "200": {
            "auroc": 0.611245923026745,
            "auprc": 0.3382212324928756,
            "precision": 0.3762463343108504,
            "recall": 0.6204761904761904,
            "f1": 0.37518695508644806
        },
        "210": {
            "auroc": 0.6084605348988911,
            "auprc": 0.3250930642088142,
            "precision": 0.3811965811965812,
            "recall": 0.6100000000000001,
            "f1": 0.3767965367965368
        },
        "220": {
            "auroc": 0.6058577951728636,
            "auprc": 0.32923121013337786,
            "precision": 0.3871152017975975,
            "recall": 0.61,
            "f1": 0.3797150328841626
        },
        "230": {
            "auroc": 0.6078277886497065,
            "auprc": 0.33790743952749325,
            "precision": 0.3881247283789656,
            "recall": 0.58,
            "f1": 0.37977473562219327
        },
        "240": {
            "auroc": 0.6076842791911286,
            "auprc": 0.3178918044329134,
            "precision": 0.3876912051912052,
            "recall": 0.5304761904761904,
            "f1": 0.3705597108808527
        },
        "250": {
            "auroc": 0.6087997390737117,
            "auprc": 0.31851936395096553,
            "precision": 0.4108021390374332,
            "recall": 0.5795238095238096,
            "f1": 0.37599442702890973
        },
        "260": {
            "auroc": 0.6079778212654925,
            "auprc": 0.3222900714486393,
            "precision": 0.3990522875816993,
            "recall": 0.5604761904761906,
            "f1": 0.37003230687441213
        },
        "270": {
            "auroc": 0.6044357469015003,
            "auprc": 0.31882283234075476,
            "precision": 0.37415999779996156,
            "recall": 0.6104761904761905,
            "f1": 0.3698680865785238
        },
        "280": {
            "auroc": 0.6062687540769731,
            "auprc": 0.32207956241793106,
            "precision": 0.45708447983139167,
            "recall": 0.5404761904761906,
            "f1": 0.3740841357044615
        },
        "290": {
            "auroc": 0.6122439660795825,
            "auprc": 0.3310262289150005,
            "precision": 0.48488167680865446,
            "recall": 0.4333333333333334,
            "f1": 0.36446472905446425
        },
        "300": {
            "auroc": 0.6097977821265492,
            "auprc": 0.3314799011340945,
            "precision": 0.47888746255883613,
            "recall": 0.44333333333333336,
            "f1": 0.36547653139647734
        }
    },
    "epoch_stds": {
        "10": {
            "auroc": 0.08878661679714288,
            "auprc": 0.0518383366479961,
            "precision": 0.0313048912076687,
            "recall": 0.18417309220175584,
            "f1": 0.026270226640285492
        },
        "20": {
            "auroc": 0.03215785905476221,
            "auprc": 0.0506061082248196,
            "precision": 0.2842332629796854,
            "recall": 0.19916720035222948,
            "f1": 0.06075818208573924
        },
        "30": {
            "auroc": 0.04118882315755595,
            "auprc": 0.04038525516540566,
            "precision": 0.04949460515725278,
            "recall": 0.16337289538918567,
            "f1": 0.024736959200552744
        },
        "40": {
            "auroc": 0.05436559984761262,
            "auprc": 0.04788755247318704,
            "precision": 0.02442331640138825,
            "recall": 0.052670197074474165,
            "f1": 0.022817384013072435
        },