{
    "epoch_means": {
        "10": {
            "auroc": 0.5121265492498369,
            "auprc": 0.2722447965838142,
            "precision": 0.4752830188679245,
            "recall": 0.31190476190476196,
            "f1": 0.24320633421058552
        },
        "20": {
            "auroc": 0.46932811480756687,
            "auprc": 0.23344589748780548,
            "precision": 0.1247200772200772,
            "recall": 0.370952380952381,
            "f1": 0.16665808424814113
        },
        "30": {
            "auroc": 0.5411350293542074,
            "auprc": 0.25914044426745364,
            "precision": 0.3015451171316635,
            "recall": 0.5180952380952382,
            "f1": 0.37189005055798174
        },
        "40": {
            "auroc": 0.5614546640574039,
            "auprc": 0.25031300721921,
            "precision": 0.31295407783079193,
            "recall": 0.5380952380952381,
            "f1": 0.3883442722152399
        },
        "50": {
            "auroc": 0.5735485975212002,
            "auprc": 0.2660741628641456,
            "precision": 0.29246782105572094,
            "recall": 0.6266666666666667,
            "f1": 0.38746470129570415
        },
        "60": {
            "auroc": 0.6130332681017612,
            "auprc": 0.30264042682785064,
            "precision": 0.3568381374722838,
            "recall": 0.529047619047619,
            "f1": 0.4103158645008815
        },
        "70": {
            "auroc": 0.6221004566210045,
            "auprc": 0.3112448155221502,
            "precision": 0.33531702290620047,
            "recall": 0.6261904761904763,
            "f1": 0.4270419251023549
        },
        "80": {
            "auroc": 0.6218264840182648,
            "auprc": 0.3309763222016068,
            "precision": 0.3643988269794721,
            "recall": 0.5671428571428572,
            "f1": 0.4297884366588452
        },
        "90": {
            "auroc": 0.6162948467058056,
            "auprc": 0.3369061239803405,
            "precision": 0.4002918586789555,
            "recall": 0.4247619047619047,
            "f1": 0.38943977591036416
        },
        "100": {
            "auroc": 0.6229484670580561,
            "auprc": 0.3475191756445107,
            "precision": 0.4003183912861332,
            "recall": 0.4333333333333334,
            "f1": 0.3949010989010989
        },
        "110": {
            "auroc": 0.6289041095890411,
            "auprc": 0.3447058804683782,
            "precision": 0.38936512882053875,
            "recall": 0.4923809523809524,
            "f1": 0.3973820596532002
        },
        "120": {
            "auroc": 0.6405479452054795,
            "auprc": 0.34811818097322733,
            "precision": 0.35314065870646666,
            "recall": 0.5785714285714285,
            "f1": 0.4299334145312164
        },
        "130": {
            "auroc": 0.6402935420743641,
            "auprc": 0.35841405535020365,
            "precision": 0.35915830546265326,
            "recall": 0.5595238095238095,
            "f1": 0.4318851571979148
        },
        "140": {
            "auroc": 0.6202283105022831,
            "auprc": 0.3534750213352947,
            "precision": 0.3059061652355048,
            "recall": 0.6471428571428571,
            "f1": 0.4101160464185674
        },
        "150": {
            "auroc": 0.6151532941943901,
            "auprc": 0.35117657725985535,
            "precision": 0.4287638777347068,
            "recall": 0.4461904761904762,
            "f1": 0.3682076425821883
        },
        "160": {
            "auroc": 0.6142139595564254,
            "auprc": 0.3523719341928834,
            "precision": 0.34101386202450035,
            "recall": 0.5976190476190476,
            "f1": 0.4071493140218422
        },
        "170": {
            "auroc": 0.6028897586431834,
            "auprc": 0.35476200302878863,
            "precision": 0.5283442028985508,
            "recall": 0.39571428571428574,
            "f1": 0.3786744790991505
        },
        "180": {
            "auroc": 0.6006262230919764,
            "auprc": 0.35112024330964087,
            "precision": 0.46740109674892283,
            "recall": 0.4652380952380952,
            "f1": 0.39705901116427433
        },
        "190": {
            "auroc": 0.6038421395955642,
            "auprc": 0.34919047032540035,
            "precision": 0.4612755553410864,
            "recall": 0.48476190476190484,
            "f1": 0.40545431999632964
        },
        "200": {
            "auroc": 0.6043444227005871,
            "auprc": 0.34318879678256964,
            "precision": 0.4017619047619047,
            "recall": 0.5138095238095237,
            "f1": 0.4053285387381497
        },
        "210": {
            "auroc": 0.6048727984344422,
            "auprc": 0.3369131582236499,
            "precision": 0.4303018243807718,
            "recall": 0.5252380952380952,
            "f1": 0.386607621243792
        },
        "220": {
            "auroc": 0.6000195694716242,
            "auprc": 0.33224277129869106,
            "precision": 0.42522893772893766,
            "recall": 0.5152380952380952,
            "f1": 0.3798164615795819
        },
        "230": {
            "auroc": 0.5958838878016959,
            "auprc": 0.33160366145708975,
            "precision": 0.4208963585434173,
            "recall": 0.5147619047619048,
            "f1": 0.3823151156698027
        },
        "240": {
            "auroc": 0.5908610567514677,
            "auprc": 0.32918864182844076,
            "precision": 0.4228157856614591,
            "recall": 0.5147619047619048,
            "f1": 0.3818412634819356
        },
        "250": {
            "auroc": 0.5921004566210046,
            "auprc": 0.32983203929498883,
            "precision": 0.43111946532999157,
            "recall": 0.43476190476190474,
            "f1": 0.3724337271923479
        },
        "260": {
            "auroc": 0.5893803000652317,
            "auprc": 0.32524015358153163,
            "precision": 0.40772765246449455,
            "recall": 0.5147619047619048,
            "f1": 0.36697651897651895
        },
        "270": {
            "auroc": 0.5932159165035877,
            "auprc": 0.3316293620327331,
            "precision": 0.43438538205980065,
            "recall": 0.48476190476190484,
            "f1": 0.3759743471339122
        },
        "280": {
            "auroc": 0.5896542726679714,
            "auprc": 0.32924049795499966,
            "precision": 0.4443948412698412,
            "recall": 0.4447619047619048,
            "f1": 0.3715358137797162
        },
        "290": {
            "auroc": 0.5945531637312459,
            "auprc": 0.3331448858763751,
            "precision": 0.4379540202808812,
            "recall": 0.44333333333333336,
            "f1": 0.3766184043200031
        },
        "300": {
            "auroc": 0.5908871493803001,
            "auprc": 0.33207637817236646,
            "precision": 0.45646825396825397,
            "recall": 0.4152380952380953,
            "f1": 0.3622700531857158
        }
    },
    "epoch_stds": {
        "10": {
            "auroc": 0.018150893284523704,
            "auprc": 0.036070945910448696,
            "precision": 0.2808181101082267,
            "recall": 0.24721578885359125,
            "f1": 0.09996445403287887
        },
        "20": {
            "auroc": 0.07184205562024606,
            "auprc": 0.036232115773944626,
            "precision": 0.10789457849205177,
            "recall": 0.4342961569337653,
            "f1": 0.17597717768980237
        },
        "30": {
            "auroc": 0.038997425167997556,
            "auprc": 0.035978634890016625,
            "precision": 0.04831538093102496,
            "recall": 0.09760859409766823,
            "f1": 0.026730907828728185
        },
        "40": {
            "auroc": 0.0291432325621826,
            "auprc": 0.02072634239638209,
            "precision": 0.05511531448467754,