{
    "epoch_means": {
        "10": {
            "auroc": 0.540658838878017,
            "auprc": 0.276309992018726,
            "precision": 0.2801376312974756,
            "recall": 0.6376190476190476,
            "f1": 0.3605389590536148
        },
        "20": {
            "auroc": 0.5176386170906719,
            "auprc": 0.2543239256951758,
            "precision": 0.26730158730158726,
            "recall": 0.5785714285714286,
            "f1": 0.35439769754055467
        },
        "30": {
            "auroc": 0.5952707110241358,
            "auprc": 0.32029440166650813,
            "precision": 0.2995757385292269,
            "recall": 0.5876190476190477,
            "f1": 0.39267118577463406
        },
        "40": {
            "auroc": 0.6153033268101762,
            "auprc": 0.31853797481068263,
            "precision": 0.3168841099940097,
            "recall": 0.6790476190476191,
            "f1": 0.42075608007811394
        },
        "50": {
            "auroc": 0.5950815394651011,
            "auprc": 0.31479028952920496,
            "precision": 0.32601063452676354,
            "recall": 0.4542857142857143,
            "f1": 0.35889001741741006
        },
        "60": {
            "auroc": 0.6089432485322896,
            "auprc": 0.3158640339524797,
            "precision": 0.34014103094548515,
            "recall": 0.5428571428571429,
            "f1": 0.3955843388307644
        },
        "70": {
            "auroc": 0.619262883235486,
            "auprc": 0.3354022601613832,
            "precision": 0.35277777777777775,
            "recall": 0.5123809523809524,
            "f1": 0.40871550847205135
        },
        "80": {
            "auroc": 0.6239595564253099,
            "auprc": 0.3274312042347122,
            "precision": 0.35074025561641664,
            "recall": 0.521904761904762,
            "f1": 0.4083759555628884
        },
        "90": {
            "auroc": 0.624774951076321,
            "auprc": 0.3374608384333138,
            "precision": 0.3608537077615039,
            "recall": 0.559047619047619,
            "f1": 0.41694446226007686
        },
        "100": {
            "auroc": 0.6119569471624267,
            "auprc": 0.3334402877899395,
            "precision": 0.35903818048958713,
            "recall": 0.5385714285714286,
            "f1": 0.4089492484384044
        },
        "110": {
            "auroc": 0.6021591650358774,
            "auprc": 0.3282081417381628,
            "precision": 0.3467212433360441,
            "recall": 0.44333333333333336,
            "f1": 0.37907251789604735
        },
        "120": {
            "auroc": 0.5983300717547293,
            "auprc": 0.33658266427491174,
            "precision": 0.42650682650682653,
            "recall": 0.3361904761904762,
            "f1": 0.34203185493751537
        },
        "130": {
            "auroc": 0.6035029354207436,
            "auprc": 0.3271274006237943,
            "precision": 0.41395577395577393,
            "recall": 0.4257142857142857,
            "f1": 0.3682810391363023
        },
        "140": {
            "auroc": 0.6038095238095238,
            "auprc": 0.32411488936734645,
            "precision": 0.4218540051679587,
            "recall": 0.4352380952380952,
            "f1": 0.3752463973516605
        },
        "150": {
            "auroc": 0.6092563600782779,
            "auprc": 0.324929813714771,
            "precision": 0.36765089193572165,
            "recall": 0.48428571428571426,
            "f1": 0.3782237913301414
        },
        "160": {
            "auroc": 0.6081213307240705,
            "auprc": 0.32747734875411677,
            "precision": 0.39637254901960783,
            "recall": 0.4742857142857143,
            "f1": 0.3853019943019943
        },
        "170": {
            "auroc": 0.6024787997390737,
            "auprc": 0.3205549924570762,
            "precision": 0.3685715504008187,
            "recall": 0.5628571428571428,
            "f1": 0.38080590539507153
        },
        "180": {
            "auroc": 0.5967384213959557,
            "auprc": 0.3112090861648754,
            "precision": 0.3872484140776824,
            "recall": 0.45285714285714285,
            "f1": 0.3742461424885594
        },
        "190": {
            "auroc": 0.5943183300717548,
            "auprc": 0.3155024350803498,
            "precision": 0.36543297498521377,
            "recall": 0.6100000000000001,
            "f1": 0.3842523514221628
        },
        "200": {
            "auroc": 0.5894977168949771,
            "auprc": 0.29283179652813585,
            "precision": 0.35253812741312734,
            "recall": 0.5900000000000001,
            "f1": 0.3823391812865497
        },
        "210": {
            "auroc": 0.5881474233529028,
            "auprc": 0.30822253722156345,
            "precision": 0.3505664383925254,
            "recall": 0.5795238095238096,
            "f1": 0.3764355802349638
        },
        "220": {
            "auroc": 0.5840313111545988,
            "auprc": 0.30097322592457754,
            "precision": 0.40867740463908475,
            "recall": 0.48047619047619056,
            "f1": 0.3690852713178294
        },
        "230": {
            "auroc": 0.5875994781474234,
            "auprc": 0.3054323659377144,
            "precision": 0.40362899397046953,
            "recall": 0.4904761904761905,
            "f1": 0.367194079633104
        },
        "240": {
            "auroc": 0.5891519895629485,
            "auprc": 0.31340139579117426,
            "precision": 0.390851410762423,
            "recall": 0.56,
            "f1": 0.36921018724845067
        },
        "250": {
            "auroc": 0.587416829745597,
            "auprc": 0.3097752492202851,
            "precision": 0.3952687891377431,
            "recall": 0.5504761904761905,
            "f1": 0.37119276387569067
        },
        "260": {
            "auroc": 0.5884279191128506,
            "auprc": 0.31016463742017913,
            "precision": 0.38664239308916964,
            "recall": 0.5504761904761905,
            "f1": 0.3659648361973943
        },
        "270": {
            "auroc": 0.5873776908023484,
            "auprc": 0.309556443244685,
            "precision": 0.39281488061589814,
            "recall": 0.540952380952381,
            "f1": 0.36558417192563536
        },
        "280": {
            "auroc": 0.5947945205479452,
            "auprc": 0.32166837595138126,
            "precision": 0.3974603174603174,
            "recall": 0.56,
            "f1": 0.37373433583959903
        },
        "290": {
            "auroc": 0.5931637312459231,
            "auprc": 0.33450442549688353,
            "precision": 0.478147720567485,
            "recall": 0.53,
            "f1": 0.3655524479475662
        },
        "300": {
            "auroc": 0.5927853881278539,
            "auprc": 0.32642764695647697,
            "precision": 0.4658024827464556,
            "recall": 0.5414285714285715,
            "f1": 0.37124397360374356
        }
    },
    "epoch_stds": {
        "10": {
            "auroc": 0.011017989076835684,
            "auprc": 0.03374043598008012,
            "precision": 0.048657627653680036,
            "recall": 0.2523378220109573,
            "f1": 0.03009212551080461
        },
        "20": {
            "auroc": 0.06670221350280864,
            "auprc": 0.027860912222334337,
            "precision": 0.026840889674684724,
            "recall": 0.17572654493304168,
            "f1": 0.028815326085136775
        },
        "30": {
            "auroc": 0.05872199596483057,
            "auprc": 0.037812485708148484,
            "precision": 0.0475096040836267,
            "recall": 0.11670456138697438,
            "f1": 0.05535416902647966
        },
        "40": {
            "auroc": 0.06209420517575931,
            "auprc": 0.055350121702329426,
            "precision": 0.04304415899101993,
            "recall": 0.15798762832243496,