{
    "epoch_means": {
        "10": {
            "auroc": 0.4427583775088945,
            "auprc": 0.36539820541390117,
            "precision": 0.3417496520911155,
            "recall": 0.4,
            "f1": 0.3412276122583262
        },
        "20": {
            "auroc": 0.46527127360322024,
            "auprc": 0.3836477341687384,
            "precision": 0.48084314903481457,
            "recall": 0.4203389830508475,
            "f1": 0.3780212217673474
        },
        "30": {
            "auroc": 0.5134357097011909,
            "auprc": 0.39500671741573135,
            "precision": 0.4227050095445654,
            "recall": 0.8372881355932202,
            "f1": 0.5450795070453449
        },
        "40": {
            "auroc": 0.5319700319331859,
            "auprc": 0.40723519831086763,
            "precision": 0.4399614659897548,
            "recall": 0.7254237288135593,
            "f1": 0.5277319394259683
        },
        "50": {
            "auroc": 0.5455860096195752,
            "auprc": 0.412443084241617,
            "precision": 0.4386577513903468,
            "recall": 0.7457627118644068,
            "f1": 0.5435666348813419
        },
        "60": {
            "auroc": 0.5699863709479323,
            "auprc": 0.43067172220654404,
            "precision": 0.4595964353225477,
            "recall": 0.7389830508474576,
            "f1": 0.5496400542475377
        },
        "70": {
            "auroc": 0.5738381629305632,
            "auprc": 0.43450850720633516,
            "precision": 0.44850523271823156,
            "recall": 0.8033898305084746,
            "f1": 0.5701910843373912
        },
        "80": {
            "auroc": 0.5789510384228335,
            "auprc": 0.43957202553557045,
            "precision": 0.47333983335994684,
            "recall": 0.7220338983050848,
            "f1": 0.5552597663468886
        },
        "90": {
            "auroc": 0.5761519322350852,
            "auprc": 0.44012550642491916,
            "precision": 0.44816372545234034,
            "recall": 0.8271186440677966,
            "f1": 0.5767456912145528
        },
        "100": {
            "auroc": 0.5748413245536882,
            "auprc": 0.4371719441690492,
            "precision": 0.4638970414663806,
            "recall": 0.6813559322033899,
            "f1": 0.5466243735066351
        },
        "110": {
            "auroc": 0.5717438847552715,
            "auprc": 0.4350775940922592,
            "precision": 0.47685929738825805,
            "recall": 0.6406779661016949,
            "f1": 0.5295958351949457
        },
        "120": {
            "auroc": 0.573703060990008,
            "auprc": 0.4405233169275974,
            "precision": 0.4871991631397572,
            "recall": 0.6610169491525423,
            "f1": 0.5348254356602888
        },
        "130": {
            "auroc": 0.574009318468158,
            "auprc": 0.44204525871440303,
            "precision": 0.4796285901318912,
            "recall": 0.6711864406779661,
            "f1": 0.5406879144929974
        },
        "140": {
            "auroc": 0.5691642696967537,
            "auprc": 0.4399723133824627,
            "precision": 0.5196329408321256,
            "recall": 0.5322033898305085,
            "f1": 0.4796277210462644
        },
        "150": {
            "auroc": 0.5736380852766618,
            "auprc": 0.4392687801432949,
            "precision": 0.4945038912076403,
            "recall": 0.6203389830508474,
            "f1": 0.5219575823754956
        },
        "160": {
            "auroc": 0.5713552190553166,
            "auprc": 0.4370564933718728,
            "precision": 0.4978380436589392,
            "recall": 0.5593220338983051,
            "f1": 0.4971230980818973
        },
        "170": {
            "auroc": 0.576949073303698,
            "auprc": 0.4438831383764466,
            "precision": 0.5050891068227354,
            "recall": 0.5694915254237288,
            "f1": 0.5173924142268183
        },
        "180": {
            "auroc": 0.5747042416462628,
            "auprc": 0.44293357199329186,
            "precision": 0.5061554882782177,
            "recall": 0.583050847457627,
            "f1": 0.5199634054116343
        },
        "190": {
            "auroc": 0.5780806015800192,
            "auprc": 0.45019543084304114,
            "precision": 0.49922143503165517,
            "recall": 0.6474576271186441,
            "f1": 0.534972197113784
        },
        "200": {
            "auroc": 0.581401098248033,
            "auprc": 0.4549147541744765,
            "precision": 0.5021177440973297,
            "recall": 0.5661016949152542,
            "f1": 0.5173779201827984
        },
        "210": {
            "auroc": 0.5814886569837007,
            "auprc": 0.44793557649870275,
            "precision": 0.4984080196478267,
            "recall": 0.5661016949152542,
            "f1": 0.5159041301050241
        },
        "220": {
            "auroc": 0.5797695739336456,
            "auprc": 0.4499997221286899,
            "precision": 0.4909856762513886,
            "recall": 0.6542372881355932,
            "f1": 0.5479613106798145
        },
        "230": {
            "auroc": 0.5871102447682666,
            "auprc": 0.45068418525573667,
            "precision": 0.5010915915085118,
            "recall": 0.6033898305084746,
            "f1": 0.5334419721734449
        },
        "240": {
            "auroc": 0.583816293056315,
            "auprc": 0.45095975480061395,
            "precision": 0.4928731676719974,
            "recall": 0.6474576271186441,
            "f1": 0.5436609853358603
        },
        "250": {
            "auroc": 0.585522301725026,
            "auprc": 0.4520762980248197,
            "precision": 0.5120378151260504,
            "recall": 0.576271186440678,
            "f1": 0.528382308731661
        },
        "260": {
            "auroc": 0.5867291067424187,
            "auprc": 0.4483857248979849,
            "precision": 0.49592557366011336,
            "recall": 0.6542372881355932,
            "f1": 0.5490766249604031
        },
        "270": {
            "auroc": 0.5869545407722602,
            "auprc": 0.45256713695004847,
            "precision": 0.4971659696742547,
            "recall": 0.5627118644067797,
            "f1": 0.5138318298826758
        },
        "280": {
            "auroc": 0.5878249776150744,
            "auprc": 0.4503299675115399,
            "precision": 0.4763117279364419,
            "recall": 0.7016949152542373,
            "f1": 0.5538071705956806
        },
        "290": {
            "auroc": 0.5913415900032489,
            "auprc": 0.4526942486124379,
            "precision": 0.48581939951899233,
            "recall": 0.6813559322033897,
            "f1": 0.5512090260167184
        },
        "300": {
            "auroc": 0.5918586223563997,
            "auprc": 0.4549035084195031,
            "precision": 0.5059404336143765,
            "recall": 0.5966101694915255,
            "f1": 0.5321156196104505
        }
    },
    "epoch_stds": {
        "10": {
            "auroc": 0.0491658278350151,
            "auprc": 0.05034939917043252,
            "precision": 0.17332525012772926,
            "recall": 0.3220517390240982,
            "f1": 0.1870190206230604
        },
        "20": {
            "auroc": 0.024520624849854147,
            "auprc": 0.030166524630213014,
            "precision": 0.08618377507213437,
            "recall": 0.30365011086859245,
            "f1": 0.12458080309452081
        },
        "30": {
            "auroc": 0.00869668359103685,
            "auprc": 0.02232708116681067,
            "precision": 0.018986215390269786,
            "recall": 0.22424183604801662,
            "f1": 0.06156017544128885
        },
        "40": {
            "auroc": 0.017548198229929347,
            "auprc": 0.033064034312228395,
            "precision": 0.030676792045384774,
            "recall": 0.22109388283552986,