{
    "epoch_means": {
        "10": {
            "auroc": 0.4980103168754605,
            "auprc": 0.38313197782506114,
            "precision": 0.42098969364766825,
            "recall": 0.5830508474576271,
            "f1": 0.4635229372856058
        },
        "20": {
            "auroc": 0.5134860262596967,
            "auprc": 0.4102582013845204,
            "precision": 0.4554110495035153,
            "recall": 0.5050847457627119,
            "f1": 0.46273831961336925
        },
        "30": {
            "auroc": 0.530858709518942,
            "auprc": 0.4216019393866722,
            "precision": 0.45271170091190316,
            "recall": 0.6779661016949152,
            "f1": 0.5148674345094634
        },
        "40": {
            "auroc": 0.5549064587443839,
            "auprc": 0.4451318743611662,
            "precision": 0.46103778677867185,
            "recall": 0.5457627118644067,
            "f1": 0.4880150366529296
        },
        "50": {
            "auroc": 0.5660268143675566,
            "auprc": 0.46153406577090406,
            "precision": 0.4717755192443822,
            "recall": 0.6101694915254237,
            "f1": 0.5027523151995511
        },
        "60": {
            "auroc": 0.5809918304926268,
            "auprc": 0.4696129061362534,
            "precision": 0.5132825594005718,
            "recall": 0.4813559322033898,
            "f1": 0.47554220030326666
        },
        "70": {
            "auroc": 0.5889303571287073,
            "auprc": 0.48236436335725347,
            "precision": 0.5482864889180677,
            "recall": 0.4711864406779661,
            "f1": 0.45223319966230646
        },
        "80": {
            "auroc": 0.5944390298016656,
            "auprc": 0.4655507427830208,
            "precision": 0.47599579221011956,
            "recall": 0.6338983050847458,
            "f1": 0.5299978456194538
        },
        "90": {
            "auroc": 0.5901827243841173,
            "auprc": 0.4558613918003841,
            "precision": 0.4643913421027241,
            "recall": 0.735593220338983,
            "f1": 0.5619071403788951
        },
        "100": {
            "auroc": 0.5909703568117527,
            "auprc": 0.455204244074087,
            "precision": 0.4667020740880622,
            "recall": 0.6915254237288135,
            "f1": 0.54662904992931
        },
        "110": {
            "auroc": 0.5810726539409355,
            "auprc": 0.44404301398296553,
            "precision": 0.47889459025822667,
            "recall": 0.6271186440677966,
            "f1": 0.5181957862115552
        },
        "120": {
            "auroc": 0.5762997123636104,
            "auprc": 0.4386803510885849,
            "precision": 0.48092359610490565,
            "recall": 0.6915254237288135,
            "f1": 0.5432978091010239
        },
        "130": {
            "auroc": 0.5762787141147852,
            "auprc": 0.45718365024242635,
            "precision": 0.48506860307125,
            "recall": 0.7050847457627119,
            "f1": 0.5475336427920698
        },
        "140": {
            "auroc": 0.5758833131274713,
            "auprc": 0.44971222577609005,
            "precision": 0.48116423430947963,
            "recall": 0.6101694915254237,
            "f1": 0.5221573805298306
        },
        "150": {
            "auroc": 0.5800421549750002,
            "auprc": 0.45084790467732727,
            "precision": 0.48435275435388075,
            "recall": 0.6033898305084746,
            "f1": 0.5187827444537635
        },
        "160": {
            "auroc": 0.5693168041457675,
            "auprc": 0.44203330723023787,
            "precision": 0.4902713543347386,
            "recall": 0.6033898305084746,
            "f1": 0.5168633626909489
        },
        "170": {
            "auroc": 0.5829304046719123,
            "auprc": 0.44956116790185147,
            "precision": 0.48884661790677636,
            "recall": 0.6372881355932203,
            "f1": 0.528478989869814
        },
        "180": {
            "auroc": 0.5832192296416034,
            "auprc": 0.44732394203202636,
            "precision": 0.47739339072217185,
            "recall": 0.6711864406779662,
            "f1": 0.544901155554979
        },
        "190": {
            "auroc": 0.589738987805168,
            "auprc": 0.4557948936682255,
            "precision": 0.4780267435918765,
            "recall": 0.7084745762711864,
            "f1": 0.5597013703439544
        },
        "200": {
            "auroc": 0.5930753322081441,
            "auprc": 0.4523449908631201,
            "precision": 0.48572306172534613,
            "recall": 0.7322033898305084,
            "f1": 0.5749849117572686
        },
        "210": {
            "auroc": 0.5933704962718203,
            "auprc": 0.4620286740378751,
            "precision": 0.48670109007611384,
            "recall": 0.7152542372881356,
            "f1": 0.5722225197607067
        },
        "220": {
            "auroc": 0.5964306938930753,
            "auprc": 0.4555205160759154,
            "precision": 0.49746697319038635,
            "recall": 0.711864406779661,
            "f1": 0.5770643681971126
        },
        "230": {
            "auroc": 0.5905765405979351,
            "auprc": 0.45033215789616643,
            "precision": 0.4802888025625018,
            "recall": 0.7118644067796611,
            "f1": 0.5682136319851885
        },
        "240": {
            "auroc": 0.5925983153857735,
            "auprc": 0.4584846255927914,
            "precision": 0.48496411950444296,
            "recall": 0.7322033898305085,
            "f1": 0.5743380663343881
        },
        "250": {
            "auroc": 0.5977924105197265,
            "auprc": 0.4635036228866344,
            "precision": 0.48693374535555306,
            "recall": 0.705084745762712,
            "f1": 0.5702486193972869
        },
        "260": {
            "auroc": 0.5992745699320925,
            "auprc": 0.4605401170149788,
            "precision": 0.4868271641484198,
            "recall": 0.7118644067796611,
            "f1": 0.5707606344902842
        },
        "270": {
            "auroc": 0.5947555883075412,
            "auprc": 0.45454163796713354,
            "precision": 0.4849713114694702,
            "recall": 0.7050847457627119,
            "f1": 0.5663395012626892
        },
        "280": {
            "auroc": 0.5976565161924232,
            "auprc": 0.4588446014865467,
            "precision": 0.47811964818358677,
            "recall": 0.705084745762712,
            "f1": 0.5668503634269569
        },
        "290": {
            "auroc": 0.5884184752894193,
            "auprc": 0.45333563619367273,
            "precision": 0.4881916891452739,
            "recall": 0.6237288135593221,
            "f1": 0.5364497953027365
        },
        "300": {
            "auroc": 0.5955519369894058,
            "auprc": 0.46203306054919313,
            "precision": 0.468480728492236,
            "recall": 0.7423728813559322,
            "f1": 0.5699134515104041
        }
    },
    "epoch_stds": {
        "10": {
            "auroc": 0.059350108014349076,
            "auprc": 0.041601481540623,
            "precision": 0.029974806350625105,
            "recall": 0.2549368905350938,
            "f1": 0.10585393265963769
        },
        "20": {
            "auroc": 0.03673825982280742,
            "auprc": 0.040238750811394434,
            "precision": 0.04970257067205776,
            "recall": 0.14437653856980917,
            "f1": 0.04279729959908389
        },
        "30": {
            "auroc": 0.02332691175132456,
            "auprc": 0.032521957095250284,
            "precision": 0.0397496497191964,
            "recall": 0.24701609087778548,
            "f1": 0.06150098195247609
        },
        "40": {
            "auroc": 0.009674763297695739,
            "auprc": 0.017647970512263914,
            "precision": 0.023862294857317418,
            "recall": 0.15363076872711404,