{
    "epoch_means": {
        "10": {
            "auroc": 0.5436594911937378,
            "auprc": 0.2656113611363574,
            "precision": 0.2961156526400429,
            "recall": 0.5457142857142857,
            "f1": 0.35353375788857405
        },
        "20": {
            "auroc": 0.5670841487279844,
            "auprc": 0.29952809183879747,
            "precision": 0.31397519629197546,
            "recall": 0.5461904761904761,
            "f1": 0.3663656851885667
        },
        "30": {
            "auroc": 0.5989823874755382,
            "auprc": 0.3046729747992426,
            "precision": 0.2901138501138501,
            "recall": 0.7147619047619048,
            "f1": 0.4048094947590261
        },
        "40": {
            "auroc": 0.5873189823874755,
            "auprc": 0.2944277065839047,
            "precision": 0.28263520087473415,
            "recall": 0.7057142857142857,
            "f1": 0.39761609907120743
        },
        "50": {
            "auroc": 0.5771819960861058,
            "auprc": 0.2940779969580775,
            "precision": 0.3173291050035236,
            "recall": 0.4957142857142857,
            "f1": 0.35586795965116647
        },
        "60": {
            "auroc": 0.6051402478799739,
            "auprc": 0.31851788415956184,
            "precision": 0.3126315789473684,
            "recall": 0.5723809523809524,
            "f1": 0.38913206326965044
        },
        "70": {
            "auroc": 0.6233594259621658,
            "auprc": 0.32868111181613535,
            "precision": 0.35310167310167306,
            "recall": 0.5023809523809524,
            "f1": 0.3946734607961598
        },
        "80": {
            "auroc": 0.6254272667971298,
            "auprc": 0.3424357436666211,
            "precision": 0.3408490277831563,
            "recall": 0.531904761904762,
            "f1": 0.4028877821151344
        },
        "90": {
            "auroc": 0.6302217873450751,
            "auprc": 0.3403643783714394,
            "precision": 0.3791017316017316,
            "recall": 0.5304761904761905,
            "f1": 0.4164153579423993
        },
        "100": {
            "auroc": 0.6226744944553164,
            "auprc": 0.34291532431912297,
            "precision": 0.3947968172776357,
            "recall": 0.5685714285714286,
            "f1": 0.42709239158154755
        },
        "110": {
            "auroc": 0.6140965427266798,
            "auprc": 0.3391607111902979,
            "precision": 0.3834942633490728,
            "recall": 0.4628571428571428,
            "f1": 0.4048925268837117
        },
        "120": {
            "auroc": 0.6062165688193085,
            "auprc": 0.3406916719815357,
            "precision": 0.36630521605556665,
            "recall": 0.41380952380952385,
            "f1": 0.3814660321339677
        },
        "130": {
            "auroc": 0.6106262230919766,
            "auprc": 0.34097127531645155,
            "precision": 0.3680952380952381,
            "recall": 0.46571428571428564,
            "f1": 0.36844817927170864
        },
        "140": {
            "auroc": 0.6115720808871494,
            "auprc": 0.33977961900451786,
            "precision": 0.33233693991075247,
            "recall": 0.5028571428571429,
            "f1": 0.3932637269512872
        },
        "150": {
            "auroc": 0.6131506849315069,
            "auprc": 0.33101256464383577,
            "precision": 0.40429112554112556,
            "recall": 0.4557142857142857,
            "f1": 0.3610141281482745
        },
        "160": {
            "auroc": 0.61146771037182,
            "auprc": 0.33062539025414434,
            "precision": 0.3883256528417819,
            "recall": 0.5495238095238095,
            "f1": 0.3696434937611408
        },
        "170": {
            "auroc": 0.6098108284409653,
            "auprc": 0.32889069302482604,
            "precision": 0.33461697722567285,
            "recall": 0.5795238095238096,
            "f1": 0.3788174191399998
        },
        "180": {
            "auroc": 0.6081017612524462,
            "auprc": 0.3284609230927876,
            "precision": 0.4093145020726122,
            "recall": 0.5204761904761904,
            "f1": 0.37059714302262525
        },
        "190": {
            "auroc": 0.6031245923026745,
            "auprc": 0.3243223510858673,
            "precision": 0.4064908811250275,
            "recall": 0.5199999999999999,
            "f1": 0.3634518571482485
        },
        "200": {
            "auroc": 0.5991324200913242,
            "auprc": 0.32215928759981555,
            "precision": 0.38581448523050305,
            "recall": 0.51,
            "f1": 0.3578165289244121
        },
        "210": {
            "auroc": 0.5941487279843444,
            "auprc": 0.32144193856192504,
            "precision": 0.38562563872908695,
            "recall": 0.53,
            "f1": 0.36347336553376114
        },
        "220": {
            "auroc": 0.6031115459882583,
            "auprc": 0.3238360261196049,
            "precision": 0.3821346017069701,
            "recall": 0.55,
            "f1": 0.36853197903480817
        },
        "230": {
            "auroc": 0.5979321591650358,
            "auprc": 0.3289463857150486,
            "precision": 0.38843769765970904,
            "recall": 0.54,
            "f1": 0.37038161999788743
        },
        "240": {
            "auroc": 0.5994455316373125,
            "auprc": 0.3164695524906258,
            "precision": 0.3898962459913224,
            "recall": 0.54,
            "f1": 0.3722722443209258
        },
        "250": {
            "auroc": 0.5999021526418786,
            "auprc": 0.3183079728528258,
            "precision": 0.3918670576735093,
            "recall": 0.54,
            "f1": 0.37389700867844294
        },
        "260": {
            "auroc": 0.5949510763209395,
            "auprc": 0.32012664130859086,
            "precision": 0.3749039264828738,
            "recall": 0.62,
            "f1": 0.3722824302134647
        },
        "270": {
            "auroc": 0.5969928245270711,
            "auprc": 0.3207783836973297,
            "precision": 0.44243070362473347,
            "recall": 0.56,
            "f1": 0.3658383271707254
        },
        "280": {
            "auroc": 0.599484670580561,
            "auprc": 0.3277136970943099,
            "precision": 0.45337675468420136,
            "recall": 0.56,
            "f1": 0.37433797097499577
        },
        "290": {
            "auroc": 0.5970384866275278,
            "auprc": 0.3217637779354751,
            "precision": 0.44387325944870704,
            "recall": 0.5438095238095239,
            "f1": 0.3617633564451758
        },
        "300": {
            "auroc": 0.6053033268101761,
            "auprc": 0.3289154207863666,
            "precision": 0.44280830280830286,
            "recall": 0.5695238095238095,
            "f1": 0.366852128386823
        }
    },
    "epoch_stds": {
        "10": {
            "auroc": 0.03436896466729905,
            "auprc": 0.025662296278590572,
            "precision": 0.034828044167526384,
            "recall": 0.27194353822413103,
            "f1": 0.06286273767505492
        },
        "20": {
            "auroc": 0.0254623267695669,
            "auprc": 0.03715628767245516,
            "precision": 0.07195699263548827,
            "recall": 0.1921450699111389,
            "f1": 0.027291615485154123
        },
        "30": {
            "auroc": 0.054220494485450965,
            "auprc": 0.04370183791274188,
            "precision": 0.03324896318436712,
            "recall": 0.14981015953608337,
            "f1": 0.03357010246967154
        },
        "40": {
            "auroc": 0.06358746544636311,
            "auprc": 0.04178995492284711,
            "precision": 0.029549292305045483,
            "recall": 0.14564424086780495,
            "f1": 0.03228743143384471
        },
        "50": {
            "auroc": 0.07850238951874974,