{
    "epoch_means": {
        "10": {
            "auroc": 0.5446836268754077,
            "auprc": 0.27118227237230796,
            "precision": 0.273105233644399,
            "recall": 0.6647619047619047,
            "f1": 0.37970969372100993
        },
        "20": {
            "auroc": 0.5697390737116764,
            "auprc": 0.30238485879628574,
            "precision": 0.2845079365079365,
            "recall": 0.6966666666666665,
            "f1": 0.3968705547652916
        },
        "30": {
            "auroc": 0.5899739073711676,
            "auprc": 0.28250699573419386,
            "precision": 0.3032330505728627,
            "recall": 0.687142857142857,
            "f1": 0.40603290345225823
        },
        "40": {
            "auroc": 0.592361382909328,
            "auprc": 0.281161966724366,
            "precision": 0.2908980888946933,
            "recall": 0.6690476190476191,
            "f1": 0.4003179915651153
        },
        "50": {
            "auroc": 0.5948793215916505,
            "auprc": 0.29353263990041456,
            "precision": 0.29074517218828044,
            "recall": 0.5680952380952381,
            "f1": 0.36475416192191035
        },
        "60": {
            "auroc": 0.6094390084801045,
            "auprc": 0.30225600773497774,
            "precision": 0.29105385600191147,
            "recall": 0.6780952380952381,
            "f1": 0.39867826256597105
        },
        "70": {
            "auroc": 0.6063013698630138,
            "auprc": 0.30341735162304334,
            "precision": 0.3079888812283178,
            "recall": 0.6680952380952382,
            "f1": 0.40907527410998856
        },
        "80": {
            "auroc": 0.6070254403131115,
            "auprc": 0.30941095836521776,
            "precision": 0.30622851465474415,
            "recall": 0.6780952380952381,
            "f1": 0.40553277692245365
        },
        "90": {
            "auroc": 0.5957599478147423,
            "auprc": 0.30708042194031837,
            "precision": 0.3327875560411166,
            "recall": 0.5380952380952382,
            "f1": 0.38378951580632253
        },
        "100": {
            "auroc": 0.5836921069797782,
            "auprc": 0.2990422367848474,
            "precision": 0.32308955412403684,
            "recall": 0.569047619047619,
            "f1": 0.3911679201427518
        },
        "110": {
            "auroc": 0.5807045009784736,
            "auprc": 0.3027288811877667,
            "precision": 0.3022622877627933,
            "recall": 0.5304761904761903,
            "f1": 0.3613659730722154
        },
        "120": {
            "auroc": 0.5684018264840182,
            "auprc": 0.28366569300906364,
            "precision": 0.29269424222984597,
            "recall": 0.4938095238095238,
            "f1": 0.3550465165710175
        },
        "130": {
            "auroc": 0.5727788649706458,
            "auprc": 0.28795224751869974,
            "precision": 0.2804056960185992,
            "recall": 0.559047619047619,
            "f1": 0.3665995528370428
        },
        "140": {
            "auroc": 0.5905283757338552,
            "auprc": 0.31911908141218187,
            "precision": 0.3103822666091013,
            "recall": 0.5666666666666667,
            "f1": 0.3740571246634747
        },
        "150": {
            "auroc": 0.5764644487932159,
            "auprc": 0.299706744671553,
            "precision": 0.348698038464356,
            "recall": 0.5157142857142858,
            "f1": 0.34599919790112865
        },
        "160": {
            "auroc": 0.5869275929549902,
            "auprc": 0.3093883047236481,
            "precision": 0.36202607384829455,
            "recall": 0.65,
            "f1": 0.36352958414247977
        },
        "170": {
            "auroc": 0.5777560339204175,
            "auprc": 0.2850305033040385,
            "precision": 0.3892098341909663,
            "recall": 0.47714285714285715,
            "f1": 0.32924604438780924
        },
        "180": {
            "auroc": 0.5980560991519897,
            "auprc": 0.293831537965178,
            "precision": 0.36555081172253845,
            "recall": 0.6014285714285714,
            "f1": 0.3598823265088325
        },
        "190": {
            "auroc": 0.5681017612524462,
            "auprc": 0.300480178497364,
            "precision": 0.3732633998072503,
            "recall": 0.43380952380952376,
            "f1": 0.3335087602481758
        },
        "200": {
            "auroc": 0.5771950424005219,
            "auprc": 0.29655325089694784,
            "precision": 0.3655389428498672,
            "recall": 0.5623809523809523,
            "f1": 0.35144126765579775
        },
        "210": {
            "auroc": 0.6094455316373125,
            "auprc": 0.31326071777796327,
            "precision": 0.30272545272545276,
            "recall": 0.5533333333333333,
            "f1": 0.37877631681649243
        },
        "220": {
            "auroc": 0.6048140900195694,
            "auprc": 0.3138946302444363,
            "precision": 0.3169068124857599,
            "recall": 0.5047619047619047,
            "f1": 0.3588800149016085
        },
        "230": {
            "auroc": 0.588812785388128,
            "auprc": 0.3140059792290919,
            "precision": 0.3737518443997317,
            "recall": 0.5104761904761904,
            "f1": 0.34739739612109877
        },
        "240": {
            "auroc": 0.5810958904109589,
            "auprc": 0.30306317401786986,
            "precision": 0.2782774088656442,
            "recall": 0.5809523809523809,
            "f1": 0.3689273487172647
        },
        "250": {
            "auroc": 0.6032681017612525,
            "auprc": 0.31281193432692234,
            "precision": 0.2961518957393874,
            "recall": 0.7242857142857143,
            "f1": 0.4062656826098848
        },
        "260": {
            "auroc": 0.5841422048271363,
            "auprc": 0.3143726887320911,
            "precision": 0.3615066354410617,
            "recall": 0.5338095238095238,
            "f1": 0.33991422158088824
        },
        "270": {
            "auroc": 0.5741356816699283,
            "auprc": 0.30014398761177496,
            "precision": 0.27843494705822064,
            "recall": 0.6771428571428572,
            "f1": 0.37796953734170335
        },
        "280": {
            "auroc": 0.5799151989562948,
            "auprc": 0.31062261867455715,
            "precision": 0.38056140350877193,
            "recall": 0.3966666666666666,
            "f1": 0.3174782305816789
        },
        "290": {
            "auroc": 0.5661643835616438,
            "auprc": 0.3032263370845371,
            "precision": 0.3304654983570646,
            "recall": 0.4685714285714286,
            "f1": 0.3434016176560303
        },
        "300": {
            "auroc": 0.5624527071102413,
            "auprc": 0.30469851816173793,
            "precision": 0.40909398242055445,
            "recall": 0.34714285714285714,
            "f1": 0.3018623834752867
        }
    },
    "epoch_stds": {
        "10": {
            "auroc": 0.016612984370458436,
            "auprc": 0.05177526265707707,
            "precision": 0.020817205357979113,
            "recall": 0.13855751852946516,
            "f1": 0.018859538221365758
        },
        "20": {
            "auroc": 0.022075836665301968,
            "auprc": 0.04672432158711913,
            "precision": 0.029708858546569666,
            "recall": 0.13012814197295425,
            "f1": 0.009202875274722416
        },
        "30": {
            "auroc": 0.028231283888775476,
            "auprc": 0.03476981810003033,
            "precision": 0.05393931335156864,
            "recall": 0.1602548989986304,
            "f1": 0.01351076002450739
        },
        "40": {
            "auroc": 0.027518976051198938,
            "auprc": 0.027741296538548003,
            "precision": 0.023660961875390112,
            "recall": 0.14851494652863603,