{
    "epoch_means": {
        "10": {
            "auroc": 0.48705992820976063,
            "auprc": 0.385083404658318,
            "precision": 0.42583555165482945,
            "recall": 0.7491525423728814,
            "f1": 0.5246180770479836
        },
        "20": {
            "auroc": 0.5016953114476113,
            "auprc": 0.3813661151720295,
            "precision": 0.42048727933899455,
            "recall": 0.7796610169491526,
            "f1": 0.5377352271427852
        },
        "30": {
            "auroc": 0.5555554234910975,
            "auprc": 0.4251235583621001,
            "precision": 0.46829948261045085,
            "recall": 0.711864406779661,
            "f1": 0.5400336649083897
        },
        "40": {
            "auroc": 0.536729502935793,
            "auprc": 0.4130379239619386,
            "precision": 0.44280997054052385,
            "recall": 0.7220338983050849,
            "f1": 0.5327899088349651
        },
        "50": {
            "auroc": 0.5519869097709209,
            "auprc": 0.4200780826007602,
            "precision": 0.4706997645896303,
            "recall": 0.6881355932203389,
            "f1": 0.5188794597813309
        },
        "60": {
            "auroc": 0.5791297216345355,
            "auprc": 0.4381127373401995,
            "precision": 0.4834719285882077,
            "recall": 0.6474576271186441,
            "f1": 0.5220986935423666
        },
        "70": {
            "auroc": 0.5785635613030008,
            "auprc": 0.43581674656116276,
            "precision": 0.4814998330002081,
            "recall": 0.6983050847457627,
            "f1": 0.5408524143641917
        },
        "80": {
            "auroc": 0.5805310575985927,
            "auprc": 0.4345271463154246,
            "precision": 0.48945506392974975,
            "recall": 0.7084745762711864,
            "f1": 0.5568744644434187
        },
        "90": {
            "auroc": 0.5780833749336376,
            "auprc": 0.43835499357882224,
            "precision": 0.4533284810341775,
            "recall": 0.7661016949152543,
            "f1": 0.566250386752753
        },
        "100": {
            "auroc": 0.5752054262644511,
            "auprc": 0.43637200508956225,
            "precision": 0.4607047638374556,
            "recall": 0.7728813559322034,
            "f1": 0.5724934760228878
        },
        "110": {
            "auroc": 0.5798452468680912,
            "auprc": 0.437880586025706,
            "precision": 0.4814164793837691,
            "recall": 0.7220338983050848,
            "f1": 0.5557653892188712
        },
        "120": {
            "auroc": 0.5753282462104103,
            "auprc": 0.4457959820474352,
            "precision": 0.4837569030369182,
            "recall": 0.6813559322033897,
            "f1": 0.5416317811366819
        },
        "130": {
            "auroc": 0.5737953740461645,
            "auprc": 0.44067546614947145,
            "precision": 0.5026677127135446,
            "recall": 0.5694915254237289,
            "f1": 0.5013931951423723
        },
        "140": {
            "auroc": 0.5726733544108208,
            "auprc": 0.4420783861323244,
            "precision": 0.49286658094649216,
            "recall": 0.6576271186440678,
            "f1": 0.5352612417788156
        },
        "150": {
            "auroc": 0.5752775334585304,
            "auprc": 0.4405463590300888,
            "precision": 0.5024777550720038,
            "recall": 0.5694915254237288,
            "f1": 0.5101806222787483
        },
        "160": {
            "auroc": 0.5716567222129777,
            "auprc": 0.441997434097024,
            "precision": 0.4983074630961005,
            "recall": 0.6135593220338983,
            "f1": 0.5191728783638381
        },
        "170": {
            "auroc": 0.5762117574345685,
            "auprc": 0.43727011732521615,
            "precision": 0.5063208661156148,
            "recall": 0.5694915254237288,
            "f1": 0.5162371816902691
        },
        "180": {
            "auroc": 0.5798353420337399,
            "auprc": 0.45113420411333466,
            "precision": 0.505413679890789,
            "recall": 0.5864406779661018,
            "f1": 0.5214615681979253
        },
        "190": {
            "auroc": 0.5799514266923401,
            "auprc": 0.4470602951176298,
            "precision": 0.5066596483097132,
            "recall": 0.5728813559322034,
            "f1": 0.5184948654976467
        },
        "200": {
            "auroc": 0.5801895389101512,
            "auprc": 0.44967735196647174,
            "precision": 0.4995703013854539,
            "recall": 0.576271186440678,
            "f1": 0.5224117085571236
        },
        "210": {
            "auroc": 0.5803864470170602,
            "auprc": 0.45178209779193734,
            "precision": 0.4915667428261627,
            "recall": 0.6135593220338984,
            "f1": 0.518431250439084
        },
        "220": {
            "auroc": 0.5826637665311686,
            "auprc": 0.453637526680503,
            "precision": 0.4956262000410937,
            "recall": 0.6508474576271187,
            "f1": 0.5479659533787291
        },
        "230": {
            "auroc": 0.587797640272264,
            "auprc": 0.45152624384777723,
            "precision": 0.48045650878793966,
            "recall": 0.7423728813559323,
            "f1": 0.5671531903753737
        },
        "240": {
            "auroc": 0.5863420258159603,
            "auprc": 0.4488962439029044,
            "precision": 0.4933624165909312,
            "recall": 0.6440677966101694,
            "f1": 0.5444913385303535
        },
        "250": {
            "auroc": 0.5889030197858972,
            "auprc": 0.4474095267271161,
            "precision": 0.498084835876098,
            "recall": 0.6474576271186441,
            "f1": 0.5493499556388587
        },
        "260": {
            "auroc": 0.585376106369997,
            "auprc": 0.45095276245214483,
            "precision": 0.4912186901399062,
            "recall": 0.6372881355932203,
            "f1": 0.5390050652170438
        },
        "270": {
            "auroc": 0.5917373871839369,
            "auprc": 0.45338127570570685,
            "precision": 0.5092867758311632,
            "recall": 0.5525423728813559,
            "f1": 0.511443504903081
        },
        "280": {
            "auroc": 0.5876447096298761,
            "auprc": 0.4470952763927164,
            "precision": 0.4955884702649154,
            "recall": 0.6033898305084746,
            "f1": 0.5304653911311185
        },
        "290": {
            "auroc": 0.5899283682379697,
            "auprc": 0.4535506754058794,
            "precision": 0.47075859929649305,
            "recall": 0.6983050847457627,
            "f1": 0.5538324342008248
        },
        "300": {
            "auroc": 0.5917052955206377,
            "auprc": 0.4497440587403208,
            "precision": 0.5090231623125246,
            "recall": 0.5830508474576271,
            "f1": 0.5289824381183049
        }
    },
    "epoch_stds": {
        "10": {
            "auroc": 0.06365573118167252,
            "auprc": 0.048149686965532956,
            "precision": 0.02965025962062021,
            "recall": 0.21716091360063686,
            "f1": 0.051362812300422306
        },
        "20": {
            "auroc": 0.043690984853061485,
            "auprc": 0.0320539907283883,
            "precision": 0.02326452439503249,
            "recall": 0.1639781236942078,
            "f1": 0.035895574889478185
        },
        "30": {
            "auroc": 0.0444485930657991,
            "auprc": 0.044755562222866155,
            "precision": 0.044109781150316205,
            "recall": 0.22408805262424963,
            "f1": 0.0655189733660773
        },
        "40": {
            "auroc": 0.02306367115688172,
            "auprc": 0.04618684435252012,
            "precision": 0.019248700307595058,
            "recall": 0.21347859652655982,