{
    "epoch_means": {
        "10": {
            "auroc": 0.4957329973613522,
            "auprc": 0.3794980043528398,
            "precision": 0.4264099102396483,
            "recall": 0.7525423728813558,
            "f1": 0.5405305543642607
        },
        "20": {
            "auroc": 0.49690414497507945,
            "auprc": 0.3885748457394175,
            "precision": 0.41786197618217147,
            "recall": 0.8305084745762713,
            "f1": 0.5487123873575015
        },
        "30": {
            "auroc": 0.49607253508292326,
            "auprc": 0.3804834078316943,
            "precision": 0.44002225189141086,
            "recall": 0.7355932203389831,
            "f1": 0.5062320639341285
        },
        "40": {
            "auroc": 0.5357156440915682,
            "auprc": 0.42035580575853365,
            "precision": 0.4546464731480443,
            "recall": 0.6677966101694915,
            "f1": 0.5176628539790314
        },
        "50": {
            "auroc": 0.5514619535502888,
            "auprc": 0.425274880299617,
            "precision": 0.44767384889517886,
            "recall": 0.6711864406779661,
            "f1": 0.523577286859064
        },
        "60": {
            "auroc": 0.5505126742260362,
            "auprc": 0.40946259936218155,
            "precision": 0.4532832132030139,
            "recall": 0.7491525423728814,
            "f1": 0.553302443507047
        },
        "70": {
            "auroc": 0.5583450210378682,
            "auprc": 0.42391761181957976,
            "precision": 0.469920790046985,
            "recall": 0.6711864406779662,
            "f1": 0.5269067211555015
        },
        "80": {
            "auroc": 0.5692349902140237,
            "auprc": 0.42195855018985406,
            "precision": 0.47648785425101214,
            "recall": 0.6237288135593221,
            "f1": 0.5347201613819581
        },
        "90": {
            "auroc": 0.5769950317350893,
            "auprc": 0.43544451060929096,
            "precision": 0.48908598079953575,
            "recall": 0.6813559322033899,
            "f1": 0.5497778749633218
        },
        "100": {
            "auroc": 0.5851740477492254,
            "auprc": 0.4416656390352287,
            "precision": 0.48762233173650493,
            "recall": 0.728813559322034,
            "f1": 0.5589655593234484
        },
        "110": {
            "auroc": 0.5912639361019327,
            "auprc": 0.4456122216282979,
            "precision": 0.5006323063118934,
            "recall": 0.6847457627118645,
            "f1": 0.5602174126064318
        },
        "120": {
            "auroc": 0.5851776134895921,
            "auprc": 0.4354732099929923,
            "precision": 0.5164822256559539,
            "recall": 0.6203389830508474,
            "f1": 0.5393014059339845
        },
        "130": {
            "auroc": 0.5934216052170743,
            "auprc": 0.4392457748272043,
            "precision": 0.49179359733789774,
            "recall": 0.752542372881356,
            "f1": 0.5720358588049469
        },
        "140": {
            "auroc": 0.5959112843796801,
            "auprc": 0.44753414694339694,
            "precision": 0.4972556622609748,
            "recall": 0.6949152542372882,
            "f1": 0.5606112496910043
        },
        "150": {
            "auroc": 0.5958649297549148,
            "auprc": 0.44979798465828075,
            "precision": 0.5052065737146215,
            "recall": 0.6949152542372881,
            "f1": 0.5622734334503394
        },
        "160": {
            "auroc": 0.6004825635296076,
            "auprc": 0.44501678545754986,
            "precision": 0.49577490936680224,
            "recall": 0.7254237288135593,
            "f1": 0.5731033079570003
        },
        "170": {
            "auroc": 0.5968811657593839,
            "auprc": 0.44792236479293673,
            "precision": 0.49030513908533707,
            "recall": 0.7016949152542373,
            "f1": 0.5680643641606076
        },
        "180": {
            "auroc": 0.5924663829922108,
            "auprc": 0.43793469500656,
            "precision": 0.48453239040642054,
            "recall": 0.6915254237288135,
            "f1": 0.5619725098993288
        },
        "190": {
            "auroc": 0.5933423665422619,
            "auprc": 0.4386096629390718,
            "precision": 0.48242638341692634,
            "recall": 0.6915254237288135,
            "f1": 0.5612539957056086
        },
        "200": {
            "auroc": 0.5902219475281496,
            "auprc": 0.43702481918767555,
            "precision": 0.46953085169170494,
            "recall": 0.6915254237288135,
            "f1": 0.5587407833896418
        },
        "210": {
            "auroc": 0.5954152502753545,
            "auprc": 0.43675964374418097,
            "precision": 0.4826151855242905,
            "recall": 0.6949152542372881,
            "f1": 0.5680583194819482
        },
        "220": {
            "auroc": 0.5817715390527809,
            "auprc": 0.43462611922635974,
            "precision": 0.4730924782979578,
            "recall": 0.6542372881355932,
            "f1": 0.5396474788670499
        },
        "230": {
            "auroc": 0.5861467024825476,
            "auprc": 0.4347204745843432,
            "precision": 0.503839530332681,
            "recall": 0.6,
            "f1": 0.5249985450438247
        },
        "240": {
            "auroc": 0.5861324395210815,
            "auprc": 0.4339869202181573,
            "precision": 0.4773091820460241,
            "recall": 0.6677966101694915,
            "f1": 0.5511362548725186
        },
        "250": {
            "auroc": 0.5880040570201504,
            "auprc": 0.43553790418361366,
            "precision": 0.49251867721379916,
            "recall": 0.6135593220338983,
            "f1": 0.5409410467693558
        },
        "260": {
            "auroc": 0.5857794312247921,
            "auprc": 0.4383440591366486,
            "precision": 0.48768840690170423,
            "recall": 0.5593220338983051,
            "f1": 0.5152050195392823
        },
        "270": {
            "auroc": 0.5825346074912243,
            "auprc": 0.43226793437167793,
            "precision": 0.48146463780049864,
            "recall": 0.6,
            "f1": 0.529926334018987
        },
        "280": {
            "auroc": 0.5895115728084563,
            "auprc": 0.4405972289708563,
            "precision": 0.4829289612826198,
            "recall": 0.6135593220338983,
            "f1": 0.5300919734800396
        },
        "290": {
            "auroc": 0.5855302255925072,
            "auprc": 0.43694582616628425,
            "precision": 0.4965208283897785,
            "recall": 0.576271186440678,
            "f1": 0.5239682050558951
        },
        "300": {
            "auroc": 0.5834375321907116,
            "auprc": 0.4367627429731404,
            "precision": 0.4911444143722671,
            "recall": 0.5864406779661018,
            "f1": 0.526682712364815
        }
    },
    "epoch_stds": {
        "10": {
            "auroc": 0.04877995044845869,
            "auprc": 0.04475385177672498,
            "precision": 0.01959008779713008,
            "recall": 0.10146867489556452,
            "f1": 0.01977344960669792
        },
        "20": {
            "auroc": 0.06886196953982526,
            "auprc": 0.05659606035469158,
            "precision": 0.02585512725127126,
            "recall": 0.1546000576405611,
            "f1": 0.03086010265539445
        },
        "30": {
            "auroc": 0.038312897149864196,
            "auprc": 0.02955873498986496,
            "precision": 0.04428557899865906,
            "recall": 0.2849474668971866,
            "f1": 0.1157723201980036
        },
        "40": {
            "auroc": 0.043129914278946635,
            "auprc": 0.0449853694761817,
            "precision": 0.03740225467673043,
            "recall": 0.23743336959779604,
            "f1": 0.060071062381197866
        },