{
    "epoch_means": {
        "10": {
            "auroc": 0.9686015625000002,
            "auprc": 0.8706619138487748,
            "precision": 0.7639694637064629,
            "recall": 0.9650000000000001,
            "f1": 0.8525129935579434
        },
        "20": {
            "auroc": 0.9803007812499999,
            "auprc": 0.9326981864493666,
            "precision": 0.8293422215911033,
            "recall": 0.96,
            "f1": 0.8894183970812494
        },
        "30": {
            "auroc": 0.9801718749999999,
            "auprc": 0.9238842031691166,
            "precision": 0.8139930211566828,
            "recall": 0.9674999999999999,
            "f1": 0.8833776126033394
        },
        "40": {
            "auroc": 0.9796953125,
            "auprc": 0.9180592335116039,
            "precision": 0.8021679588078511,
            "recall": 0.9724999999999999,
            "f1": 0.8791136483003859
        },
        "50": {
            "auroc": 0.9785585937500001,
            "auprc": 0.9126600645062339,
            "precision": 0.7946206090343624,
            "recall": 0.9724999999999999,
            "f1": 0.8743823694512984
        },
        "60": {
            "auroc": 0.98065625,
            "auprc": 0.9004319475379947,
            "precision": 0.8182905262703029,
            "recall": 0.97,
            "f1": 0.8872564489454102
        },
        "70": {
            "auroc": 0.9817656249999999,
            "auprc": 0.9248547402856966,
            "precision": 0.7886410040349372,
            "recall": 0.9724999999999999,
            "f1": 0.8706024059793307
        },
        "80": {
            "auroc": 0.9773320312499999,
            "auprc": 0.8908037823782886,
            "precision": 0.7893655633180447,
            "recall": 0.9675,
            "f1": 0.8689763712106838
        },
        "90": {
            "auroc": 0.9822656249999999,
            "auprc": 0.9301573315925804,
            "precision": 0.8090779924892398,
            "recall": 0.9650000000000001,
            "f1": 0.8791623130116575
        },
        "100": {
            "auroc": 0.9763632812499999,
            "auprc": 0.8827196783056628,
            "precision": 0.7931212622934535,
            "recall": 0.9674999999999999,
            "f1": 0.8711242265286476
        },
        "110": {
            "auroc": 0.9765664062500001,
            "auprc": 0.8923989225439237,
            "precision": 0.7786159101063251,
            "recall": 0.9675,
            "f1": 0.8623497262866253
        },
        "120": {
            "auroc": 0.9808828125,
            "auprc": 0.8989527957017097,
            "precision": 0.8131072610862715,
            "recall": 0.9625,
            "f1": 0.8806742275286666
        },
        "130": {
            "auroc": 0.9751835937500001,
            "auprc": 0.8634695460040392,
            "precision": 0.8144045086124029,
            "recall": 0.96,
            "f1": 0.8803289645373644
        },
        "140": {
            "auroc": 0.9735546875000001,
            "auprc": 0.8578815614770227,
            "precision": 0.7796593701923383,
            "recall": 0.9700000000000001,
            "f1": 0.8638236176197184
        },
        "150": {
            "auroc": 0.969171875,
            "auprc": 0.8375844147423152,
            "precision": 0.7875655413530177,
            "recall": 0.9625,
            "f1": 0.8656951375674673
        },
        "160": {
            "auroc": 0.9646796875,
            "auprc": 0.8132495958751068,
            "precision": 0.7735693188218448,
            "recall": 0.9650000000000001,
            "f1": 0.8582504824976771
        },
        "170": {
            "auroc": 0.9724453125,
            "auprc": 0.866299095509631,
            "precision": 0.7850545635523368,
            "recall": 0.9625,
            "f1": 0.8644853591857549
        },
        "180": {
            "auroc": 0.9723906250000001,
            "auprc": 0.8633688652407908,
            "precision": 0.7692571806604553,
            "recall": 0.9650000000000001,
            "f1": 0.8559601861402168
        },
        "190": {
            "auroc": 0.9651328124999999,
            "auprc": 0.8385340412031089,
            "precision": 0.7505501410335578,
            "recall": 0.9675,
            "f1": 0.8451176045226868
        },
        "200": {
            "auroc": 0.9627812499999999,
            "auprc": 0.8197981527416184,
            "precision": 0.7395192501212292,
            "recall": 0.97,
            "f1": 0.8386208403626911
        }
    },
    "epoch_stds": {
        "10": {
            "auroc": 0.0089316182022597,
            "auprc": 0.04134126001531558,
            "precision": 0.031956360517090596,
            "recall": 0.009354143466934856,
            "f1": 0.02203469194422574
        },
        "20": {
            "auroc": 0.007098652628536299,
            "auprc": 0.018381122344987677,
            "precision": 0.03939830751745841,
            "recall": 0.012247448713915901,
            "f1": 0.024112885891330708
        },
        "30": {
            "auroc": 0.013862259247514922,
            "auprc": 0.05282869243773641,
            "precision": 0.04585700746645525,
            "recall": 0.006123724356957924,
            "f1": 0.02631764169014427
        },
        "40": {
            "auroc": 0.006009960807380512,
            "auprc": 0.026838124985682447,
            "precision": 0.009628479368303583,
            "recall": 0.009354143466934856,
            "f1": 0.007297472108359969
        },
        "50": {
            "auroc": 0.0057081313642798155,
            "auprc": 0.024755209731660267,
            "precision": 0.023221078292697157,
            "recall": 0.004999999999999982,
            "f1": 0.01313140129682768
        },
        "60": {
            "auroc": 0.005541612820853725,
            "auprc": 0.059244879396988,
            "precision": 0.03238086751173787,
            "recall": 0.010000000000000004,
            "f1": 0.01755576558231572
        },
        "70": {
            "auroc": 0.006186846457751857,
            "auprc": 0.032496037992489096,
            "precision": 0.029745063050957126,
            "recall": 0.009354143466934856,
            "f1": 0.01726958283528765
        },
        "80": {
            "auroc": 0.0034903518665520944,
            "auprc": 0.031135499348460948,
            "precision": 0.02754170354662298,
            "recall": 0.012747548783981983,
            "f1": 0.013755623925579441
        },
        "90": {
            "auroc": 0.006665944378190171,
            "auprc": 0.025878865685033555,
            "precision": 0.04813246298923261,
            "recall": 0.012247448713915915,
            "f1": 0.025112898324278314
        },
        "100": {
            "auroc": 0.006633893647163408,
            "auprc": 0.06532067259918632,
            "precision": 0.034875030151363826,
            "recall": 0.012747548783981983,
            "f1": 0.01967772768337701
        },
        "110": {
            "auroc": 0.0066032773290522805,
            "auprc": 0.047082379254093164,
            "precision": 0.03252578159885263,
            "recall": 0.012747548783981983,
            "f1": 0.01877849958752324
        },
        "120": {
            "auroc": 0.007840160019467649,
            "auprc": 0.0637676331238004,
            "precision": 0.041970644842587515,
            "recall": 0.01581138830084191,
            "f1": 0.02220979540988809
        },
        "130": {
            "auroc": 0.005412624944429701,
            "auprc": 0.043121638520690016,
            "precision": 0.0406732493204607,
            "recall": 0.016583123951777023,
            "f1": 0.018964963723467565
        },
        "140": {
            "auroc": 0.008239021163133544,
            "auprc": 0.057169645579550496,
            "precision": 0.03748860670871042,
            "recall": 0.012747548783981983,
            "f1": 0.022112096532198373
        },
        "150": {
            "auroc": 0.010602469217857895,