{
    "epoch_means": {
        "10": {
            "auroc": 0.48237256440123294,
            "auprc": 0.39397677886045923,
            "precision": 0.4832601956866663,
            "recall": 0.3864406779661017,
            "f1": 0.3690893179383952
        },
        "20": {
            "auroc": 0.5009714661532,
            "auprc": 0.4055026170261479,
            "precision": 0.4794023668108702,
            "recall": 0.5254237288135594,
            "f1": 0.4278982932776037
        },
        "30": {
            "auroc": 0.5386209301035649,
            "auprc": 0.42360648356329456,
            "precision": 0.5065858600493489,
            "recall": 0.5016949152542373,
            "f1": 0.4598282787783091
        },
        "40": {
            "auroc": 0.5465408356510646,
            "auprc": 0.43456162504546275,
            "precision": 0.482757917419399,
            "recall": 0.6203389830508474,
            "f1": 0.5047162695967555
        },
        "50": {
            "auroc": 0.5521901569718148,
            "auprc": 0.4354077704351778,
            "precision": 0.48711659899182436,
            "recall": 0.41355932203389834,
            "f1": 0.44487581387571007
        },
        "60": {
            "auroc": 0.5763135791317027,
            "auprc": 0.4520172151760984,
            "precision": 0.48100816198640095,
            "recall": 0.6813559322033899,
            "f1": 0.5299628888195841
        },
        "70": {
            "auroc": 0.5679503331986275,
            "auprc": 0.4497162396062896,
            "precision": 0.4716347550592966,
            "recall": 0.6677966101694915,
            "f1": 0.5258035888839325
        },
        "80": {
            "auroc": 0.5241151020990324,
            "auprc": 0.43193930709405864,
            "precision": 0.4794665012406948,
            "recall": 0.47457627118644063,
            "f1": 0.4408567423642801
        },
        "90": {
            "auroc": 0.5435388784557967,
            "auprc": 0.4303923763573748,
            "precision": 0.4831218223529178,
            "recall": 0.6847457627118644,
            "f1": 0.5183120431405619
        },
        "100": {
            "auroc": 0.5506299474647587,
            "auprc": 0.43473187949699027,
            "precision": 0.4747854142257677,
            "recall": 0.6203389830508474,
            "f1": 0.5093803823920473
        },
        "110": {
            "auroc": 0.5329652696888297,
            "auprc": 0.43344031552426177,
            "precision": 0.4464958319475123,
            "recall": 0.8033898305084746,
            "f1": 0.5474299688072927
        },
        "120": {
            "auroc": 0.5081869398816174,
            "auprc": 0.41790283818875923,
            "precision": 0.43985896048396045,
            "recall": 0.7898305084745764,
            "f1": 0.5353023716671816
        },
        "130": {
            "auroc": 0.5343594741721539,
            "auprc": 0.4308167123674934,
            "precision": 0.45104426337496717,
            "recall": 0.640677966101695,
            "f1": 0.5001405683803064
        },
        "140": {
            "auroc": 0.5266840199364505,
            "auprc": 0.42589743850656675,
            "precision": 0.482526071015419,
            "recall": 0.5322033898305084,
            "f1": 0.43776856334990083
        },
        "150": {
            "auroc": 0.5607071259340259,
            "auprc": 0.4408077081602981,
            "precision": 0.44607310918638754,
            "recall": 0.7423728813559322,
            "f1": 0.5362615038956664
        },
        "160": {
            "auroc": 0.5114139349133525,
            "auprc": 0.4207711117468843,
            "precision": 0.48981679892706803,
            "recall": 0.6372881355932203,
            "f1": 0.4716537917098066
        },
        "170": {
            "auroc": 0.5017388927187583,
            "auprc": 0.41577148059204594,
            "precision": 0.4776404780066107,
            "recall": 0.29152542372881357,
            "f1": 0.3583932917921775
        },
        "180": {
            "auroc": 0.5271990713227312,
            "auprc": 0.4313294333237606,
            "precision": 0.46033532667809673,
            "recall": 0.6305084745762711,
            "f1": 0.4836786607407365
        },
        "190": {
            "auroc": 0.5204526905492033,
            "auprc": 0.4257928021583184,
            "precision": 0.4920713882763218,
            "recall": 0.3152542372881356,
            "f1": 0.37580907180347
        },
        "200": {
            "auroc": 0.49742355448847475,
            "auprc": 0.4126049409313205,
            "precision": 0.4652933401417581,
            "recall": 0.5389830508474577,
            "f1": 0.444305181587268
        },
        "210": {
            "auroc": 0.49977100022979215,
            "auprc": 0.4125619306352816,
            "precision": 0.47331828281804,
            "recall": 0.41694915254237286,
            "f1": 0.3963785560414876
        },
        "220": {
            "auroc": 0.5053117645660494,
            "auprc": 0.4129670041796545,
            "precision": 0.4546456919049987,
            "recall": 0.5694915254237288,
            "f1": 0.45603216818642356
        },
        "230": {
            "auroc": 0.5346819755786404,
            "auprc": 0.4251990720297919,
            "precision": 0.44897113083821943,
            "recall": 0.6135593220338984,
            "f1": 0.4932042603663723
        },
        "240": {
            "auroc": 0.5053291970745081,
            "auprc": 0.41740741386109176,
            "precision": 0.47914925654056084,
            "recall": 0.5016949152542374,
            "f1": 0.4352069175699246
        },
        "250": {
            "auroc": 0.5114963431351575,
            "auprc": 0.418352048519958,
            "precision": 0.480075293062599,
            "recall": 0.4101694915254237,
            "f1": 0.39123687870360385
        },
        "260": {
            "auroc": 0.5186785366201535,
            "auprc": 0.4206305626619046,
            "precision": 0.46492740367210555,
            "recall": 0.4135593220338983,
            "f1": 0.42590352840039947
        },
        "270": {
            "auroc": 0.48640383198231396,
            "auprc": 0.4033925356565707,
            "precision": 0.4616201312865698,
            "recall": 0.5457627118644068,
            "f1": 0.4365967170428955
        },
        "280": {
            "auroc": 0.5266412310520519,
            "auprc": 0.4128421825200749,
            "precision": 0.43410422133045223,
            "recall": 0.6101694915254238,
            "f1": 0.4886527533131737
        },
        "290": {
            "auroc": 0.49597942964001873,
            "auprc": 0.4058701487104745,
            "precision": 0.4916779516779517,
            "recall": 0.44067796610169496,
            "f1": 0.398317747486861
        },
        "300": {
            "auroc": 0.5112740786523087,
            "auprc": 0.4114505338961404,
            "precision": 0.44793209208495044,
            "recall": 0.4576271186440678,
            "f1": 0.42134726973554004
        }
    },
    "epoch_stds": {
        "10": {
            "auroc": 0.04688883400647094,
            "auprc": 0.03869091763111089,
            "precision": 0.07006156001040548,
            "recall": 0.2924698930186168,
            "f1": 0.10212872236338175
        },
        "20": {
            "auroc": 0.05359235818316135,
            "auprc": 0.040150859176773815,
            "precision": 0.07226535900308845,
            "recall": 0.3389830508474576,
            "f1": 0.1342099311917531
        },
        "30": {
            "auroc": 0.028648721016825907,
            "auprc": 0.028214240901136646,
            "precision": 0.1007697656522264,
            "recall": 0.2187951127200668,
            "f1": 0.08775891173900678
        },
        "40": {
            "auroc": 0.04370636800502523,
            "auprc": 0.04816139492112935,
            "precision": 0.09840927847885239,
            "recall": 0.24269860772432203,